appointment_id,branch_id,appointment_timestamp,service_category,status,arrival_timestamp,completed_timestamp,no_show
APT-1001,BR001,2026-06-01 13:00:00,Loans - Payment and Sanctioning,Completed,2026-06-01 12:54:00,2026-06-01 13:26:00,False
APT-1002,BR001,2026-06-01 10:30:00,KYC Related,Completed,2026-06-01 10:33:00,2026-06-01 10:52:00,False
APT-1003,BR001,2026-06-01 10:30:00,Insurance,No-Show,,,True
APT-1004,BR001,2026-06-01 10:30:00,Account Opening,Completed,2026-06-01 10:23:00,2026-06-01 10:49:00,False
APT-1005,BR001,2026-06-01 14:45:00,KYC Related,Completed,2026-06-01 14:42:00,2026-06-01 15:02:00,False
APT-1006,BR001,2026-06-01 11:45:00,Loans - Payment and Sanctioning,Completed,2026-06-01 11:45:00,2026-06-01 12:25:00,False
APT-1007,BR001,2026-06-01 13:15:00,Insurance,Completed,2026-06-01 13:08:00,2026-06-01 13:35:00,False
APT-1008,BR001,2026-06-01 10:45:00,Account Opening,Completed,2026-06-01 10:49:00,2026-06-01 11:15:00,False
APT-1009,BR001,2026-06-01 12:15:00,Account Opening,Completed,2026-06-01 12:11:00,2026-06-01 12:38:00,False
APT-1010,BR001,2026-06-01 12:30:00,Loans - Payment and Sanctioning,Late,2026-06-01 12:53:00,2026-06-01 13:24:00,False
APT-1011,BR001,2026-06-01 15:45:00,Credit Card,Late,2026-06-01 16:17:00,2026-06-01 16:47:00,False
APT-1012,BR001,2026-06-01 10:00:00,Insurance,Completed,2026-06-01 09:58:00,2026-06-01 10:14:00,False
APT-1013,BR001,2026-06-01 10:45:00,Insurance,Completed,2026-06-01 10:45:00,2026-06-01 11:13:00,False
APT-1014,BR001,2026-06-01 14:00:00,Locker Issuing,No-Show,,,True
APT-1015,BR001,2026-06-01 11:30:00,Loans - Payment and Sanctioning,Completed,2026-06-01 11:20:00,2026-06-01 11:51:00,False
APT-1016,BR001,2026-06-01 14:15:00,Insurance,Completed,2026-06-01 14:15:00,2026-06-01 14:49:00,False
APT-1017,BR001,2026-06-01 12:00:00,Credit Card,No-Show,,,True
APT-1018,BR001,2026-06-01 14:30:00,Credit Card,Completed,2026-06-01 14:32:00,2026-06-01 15:09:00,False
APT-1019,BR001,2026-06-01 12:15:00,Account Opening,Completed,2026-06-01 12:17:00,2026-06-01 12:53:00,False
APT-1020,BR001,2026-06-01 15:15:00,KYC Related,Completed,2026-06-01 15:17:00,2026-06-01 15:49:00,False
APT-1021,BR001,2026-06-01 10:30:00,Insurance,Completed,2026-06-01 10:38:00,2026-06-01 11:12:00,False
APT-1022,BR001,2026-06-01 15:30:00,Locker Issuing,Completed,2026-06-01 15:26:00,2026-06-01 15:57:00,False
APT-1023,BR001,2026-06-01 13:15:00,Credit Card,Completed,2026-06-01 13:21:00,2026-06-01 13:57:00,False
APT-1024,BR001,2026-06-01 15:30:00,Loans - Payment and Sanctioning,Cancelled,,,False
APT-1025,BR001,2026-06-01 11:30:00,Account Opening,Cancelled,,,False
APT-1026,BR001,2026-06-01 11:00:00,Loans - Payment and Sanctioning,Completed,2026-06-01 11:05:00,2026-06-01 11:39:00,False
APT-1027,BR002,2026-06-01 10:45:00,Locker Issuing,No-Show,,,True
APT-1028,BR002,2026-06-01 14:15:00,Credit Card,Completed,2026-06-01 14:20:00,2026-06-01 14:47:00,False
APT-1029,BR002,2026-06-01 11:15:00,Credit Card,Completed,2026-06-01 11:08:00,2026-06-01 11:47:00,False
APT-1030,BR002,2026-06-01 13:15:00,Account Opening,Cancelled,,,False
APT-1031,BR002,2026-06-01 15:45:00,Loans - Payment and Sanctioning,Completed,2026-06-01 15:38:00,2026-06-01 16:07:00,False
APT-1032,BR002,2026-06-01 11:45:00,Credit Card,Completed,2026-06-01 11:52:00,2026-06-01 12:26:00,False
APT-1033,BR002,2026-06-01 12:45:00,KYC Related,Cancelled,,,False
APT-1034,BR002,2026-06-01 14:45:00,KYC Related,Completed,2026-06-01 14:40:00,2026-06-01 15:18:00,False
APT-1035,BR002,2026-06-01 13:45:00,Insurance,Cancelled,,,False
APT-1036,BR002,2026-06-01 15:30:00,KYC Related,Completed,2026-06-01 15:27:00,2026-06-01 15:50:00,False
APT-1037,BR002,2026-06-01 13:00:00,Credit Card,Completed,2026-06-01 12:58:00,2026-06-01 13:23:00,False
APT-1038,BR002,2026-06-01 12:00:00,Account Opening,Completed,2026-06-01 12:02:00,2026-06-01 12:39:00,False
APT-1039,BR002,2026-06-01 11:15:00,Loans - Payment and Sanctioning,Completed,2026-06-01 11:15:00,2026-06-01 11:47:00,False
APT-1040,BR002,2026-06-01 13:45:00,Loans - Payment and Sanctioning,Completed,2026-06-01 13:48:00,2026-06-01 14:15:00,False
APT-1041,BR002,2026-06-01 14:00:00,KYC Related,Completed,2026-06-01 13:50:00,2026-06-01 14:16:00,False
APT-1042,BR002,2026-06-01 12:45:00,Locker Issuing,Completed,2026-06-01 12:52:00,2026-06-01 13:32:00,False
APT-1043,BR002,2026-06-01 14:15:00,Locker Issuing,Completed,2026-06-01 14:18:00,2026-06-01 14:48:00,False
APT-1044,BR002,2026-06-01 10:45:00,Insurance,Completed,2026-06-01 10:47:00,2026-06-01 11:25:00,False
APT-1045,BR002,2026-06-01 11:45:00,Account Opening,Late,2026-06-01 12:17:00,2026-06-01 12:37:00,False
APT-1046,BR002,2026-06-01 13:00:00,Loans - Payment and Sanctioning,Completed,2026-06-01 12:54:00,2026-06-01 13:23:00,False
APT-1047,BR002,2026-06-01 11:00:00,Insurance,Completed,2026-06-01 10:56:00,2026-06-01 11:25:00,False
APT-1048,BR002,2026-06-01 12:30:00,Locker Issuing,Completed,2026-06-01 12:33:00,2026-06-01 12:56:00,False
APT-1049,BR002,2026-06-01 10:45:00,Loans - Payment and Sanctioning,Completed,2026-06-01 10:36:00,2026-06-01 11:02:00,False
APT-1050,BR002,2026-06-01 11:00:00,Credit Card,Completed,2026-06-01 10:50:00,2026-06-01 11:12:00,False
APT-1051,BR002,2026-06-01 11:00:00,KYC Related,Completed,2026-06-01 10:54:00,2026-06-01 11:24:00,False
APT-1052,BR002,2026-06-01 15:00:00,KYC Related,No-Show,,,True
APT-1053,BR002,2026-06-01 13:30:00,Insurance,Completed,2026-06-01 13:39:00,2026-06-01 14:17:00,False
APT-1054,BR002,2026-06-01 15:00:00,Account Opening,Late,2026-06-01 15:18:00,2026-06-01 15:56:00,False
APT-1055,BR002,2026-06-01 10:30:00,KYC Related,Completed,2026-06-01 10:32:00,2026-06-01 10:59:00,False
APT-1056,BR002,2026-06-01 15:15:00,Loans - Payment and Sanctioning,Completed,2026-06-01 15:25:00,2026-06-01 15:47:00,False
APT-1057,BR002,2026-06-01 10:30:00,Credit Card,Completed,2026-06-01 10:23:00,2026-06-01 11:03:00,False
APT-1058,BR002,2026-06-01 14:00:00,Insurance,Completed,2026-06-01 14:01:00,2026-06-01 14:18:00,False
APT-1059,BR003,2026-06-01 15:30:00,Loans - Payment and Sanctioning,Cancelled,,,False
APT-1060,BR003,2026-06-01 13:00:00,Locker Issuing,Late,2026-06-01 13:35:00,2026-06-01 14:23:00,False
APT-1061,BR003,2026-06-01 13:15:00,Locker Issuing,Completed,2026-06-01 13:21:00,2026-06-01 13:56:00,False
APT-1062,BR003,2026-06-01 12:45:00,Locker Issuing,Completed,2026-06-01 12:53:00,2026-06-01 13:16:00,False
APT-1063,BR003,2026-06-01 12:15:00,Loans - Payment and Sanctioning,Completed,2026-06-01 12:19:00,2026-06-01 12:41:00,False
APT-1064,BR003,2026-06-01 13:45:00,Insurance,Completed,2026-06-01 13:45:00,2026-06-01 14:05:00,False
APT-1065,BR003,2026-06-01 13:15:00,Insurance,Cancelled,,,False
APT-1066,BR003,2026-06-01 12:30:00,KYC Related,Completed,2026-06-01 12:28:00,2026-06-01 13:00:00,False
APT-1067,BR003,2026-06-01 10:15:00,Loans - Payment and Sanctioning,Completed,2026-06-01 10:18:00,2026-06-01 10:48:00,False
APT-1068,BR003,2026-06-01 14:15:00,Credit Card,Completed,2026-06-01 14:20:00,2026-06-01 14:49:00,False
APT-1069,BR003,2026-06-01 10:00:00,Insurance,Completed,2026-06-01 09:57:00,2026-06-01 10:21:00,False
APT-1070,BR003,2026-06-01 15:30:00,Locker Issuing,Completed,2026-06-01 15:31:00,2026-06-01 15:59:00,False
APT-1071,BR003,2026-06-01 15:30:00,Insurance,Completed,2026-06-01 15:28:00,2026-06-01 15:52:00,False
APT-1072,BR003,2026-06-01 12:15:00,Loans - Payment and Sanctioning,Completed,2026-06-01 12:15:00,2026-06-01 12:33:00,False
APT-1073,BR003,2026-06-01 15:15:00,Account Opening,Completed,2026-06-01 15:20:00,2026-06-01 15:43:00,False
APT-1074,BR003,2026-06-01 15:30:00,Loans - Payment and Sanctioning,Cancelled,,,False
APT-1075,BR003,2026-06-01 12:15:00,Insurance,Completed,2026-06-01 12:05:00,2026-06-01 12:42:00,False
APT-1076,BR003,2026-06-01 14:15:00,Insurance,Completed,2026-06-01 14:06:00,2026-06-01 14:38:00,False
APT-1077,BR003,2026-06-01 12:15:00,Credit Card,No-Show,,,True
APT-1078,BR003,2026-06-01 13:00:00,Loans - Payment and Sanctioning,Completed,2026-06-01 13:05:00,2026-06-01 13:35:00,False
APT-1079,BR004,2026-06-01 12:15:00,Loans - Payment and Sanctioning,Completed,2026-06-01 12:20:00,2026-06-01 12:38:00,False
APT-1080,BR004,2026-06-01 10:45:00,Locker Issuing,Completed,2026-06-01 10:55:00,2026-06-01 11:31:00,False
APT-1081,BR004,2026-06-01 10:15:00,Account Opening,Cancelled,,,False
APT-1082,BR004,2026-06-01 12:00:00,Account Opening,Completed,2026-06-01 12:03:00,2026-06-01 12:37:00,False
APT-1083,BR004,2026-06-01 14:15:00,KYC Related,Completed,2026-06-01 14:19:00,2026-06-01 14:43:00,False
APT-1084,BR004,2026-06-01 14:45:00,Insurance,Completed,2026-06-01 14:36:00,2026-06-01 15:10:00,False
APT-1085,BR004,2026-06-01 15:00:00,Account Opening,Completed,2026-06-01 14:58:00,2026-06-01 15:34:00,False
APT-1086,BR004,2026-06-01 10:15:00,Account Opening,Completed,2026-06-01 10:07:00,2026-06-01 10:27:00,False
APT-1087,BR004,2026-06-01 10:45:00,Locker Issuing,Completed,2026-06-01 10:50:00,2026-06-01 11:14:00,False
APT-1088,BR004,2026-06-01 10:15:00,Insurance,Completed,2026-06-01 10:19:00,2026-06-01 10:36:00,False
APT-1089,BR004,2026-06-01 15:15:00,Insurance,Cancelled,,,False
APT-1090,BR004,2026-06-01 15:15:00,Locker Issuing,Completed,2026-06-01 15:12:00,2026-06-01 15:47:00,False
APT-1091,BR004,2026-06-01 11:30:00,Account Opening,Completed,2026-06-01 11:25:00,2026-06-01 12:05:00,False
APT-1092,BR004,2026-06-01 12:30:00,Locker Issuing,Completed,2026-06-01 12:29:00,2026-06-01 13:06:00,False
APT-1093,BR004,2026-06-01 13:30:00,KYC Related,Completed,2026-06-01 13:34:00,2026-06-01 13:51:00,False
APT-1094,BR005,2026-06-01 10:45:00,Credit Card,Completed,2026-06-01 10:43:00,2026-06-01 10:58:00,False
APT-1095,BR005,2026-06-01 10:15:00,Credit Card,Cancelled,,,False
APT-1096,BR005,2026-06-01 14:00:00,Credit Card,Cancelled,,,False
APT-1097,BR005,2026-06-01 14:00:00,Account Opening,Completed,2026-06-01 14:10:00,2026-06-01 14:39:00,False
APT-1098,BR005,2026-06-01 12:15:00,KYC Related,Completed,2026-06-01 12:20:00,2026-06-01 12:37:00,False
APT-1099,BR005,2026-06-01 13:30:00,Locker Issuing,Completed,2026-06-01 13:23:00,2026-06-01 13:43:00,False
APT-1100,BR005,2026-06-01 12:45:00,Credit Card,Completed,2026-06-01 12:47:00,2026-06-01 13:26:00,False
APT-1101,BR005,2026-06-01 14:00:00,Locker Issuing,Completed,2026-06-01 13:58:00,2026-06-01 14:23:00,False
APT-1102,BR005,2026-06-01 10:45:00,KYC Related,Cancelled,,,False
APT-1103,BR005,2026-06-01 10:45:00,Locker Issuing,Completed,2026-06-01 10:51:00,2026-06-01 11:17:00,False
APT-1104,BR005,2026-06-01 14:45:00,Credit Card,Completed,2026-06-01 14:36:00,2026-06-01 14:57:00,False
APT-1105,BR005,2026-06-01 12:15:00,Insurance,Completed,2026-06-01 12:20:00,2026-06-01 12:38:00,False
APT-1106,BR005,2026-06-01 10:15:00,Credit Card,Completed,2026-06-01 10:22:00,2026-06-01 10:37:00,False
APT-1107,BR005,2026-06-01 14:45:00,Loans - Payment and Sanctioning,Completed,2026-06-01 14:38:00,2026-06-01 15:07:00,False
APT-1108,BR005,2026-06-01 10:15:00,Locker Issuing,No-Show,,,True
APT-1109,BR005,2026-06-01 12:30:00,Locker Issuing,Cancelled,,,False
APT-1110,BR005,2026-06-01 13:15:00,Locker Issuing,Completed,2026-06-01 13:17:00,2026-06-01 13:38:00,False
APT-1111,BR005,2026-06-01 14:15:00,Loans - Payment and Sanctioning,Completed,2026-06-01 14:18:00,2026-06-01 14:43:00,False
APT-1112,BR005,2026-06-01 14:30:00,Loans - Payment and Sanctioning,Completed,2026-06-01 14:29:00,2026-06-01 15:02:00,False
APT-1113,BR005,2026-06-01 14:45:00,Account Opening,Completed,2026-06-01 14:50:00,2026-06-01 15:16:00,False
APT-1114,BR006,2026-06-01 14:45:00,Locker Issuing,No-Show,,,True
APT-1115,BR006,2026-06-01 11:15:00,KYC Related,Completed,2026-06-01 11:18:00,2026-06-01 11:34:00,False
APT-1116,BR006,2026-06-01 12:45:00,Credit Card,No-Show,,,True
APT-1117,BR006,2026-06-01 13:45:00,Credit Card,Cancelled,,,False
APT-1118,BR006,2026-06-01 15:15:00,Locker Issuing,Late,2026-06-01 15:34:00,2026-06-01 16:10:00,False
APT-1119,BR006,2026-06-01 14:30:00,Loans - Payment and Sanctioning,No-Show,,,True
APT-1120,BR006,2026-06-01 13:00:00,KYC Related,No-Show,,,True
APT-1121,BR006,2026-06-01 10:15:00,Locker Issuing,No-Show,,,True
APT-1122,BR006,2026-06-01 11:00:00,Locker Issuing,Cancelled,,,False
APT-1123,BR006,2026-06-01 12:30:00,KYC Related,Completed,2026-06-01 12:40:00,2026-06-01 12:57:00,False
APT-1124,BR007,2026-06-01 15:45:00,Insurance,Completed,2026-06-01 15:50:00,2026-06-01 16:22:00,False
APT-1125,BR007,2026-06-01 10:00:00,Account Opening,Completed,2026-06-01 09:59:00,2026-06-01 10:21:00,False
APT-1126,BR007,2026-06-01 15:00:00,Locker Issuing,Late,2026-06-01 15:39:00,2026-06-01 16:19:00,False
APT-1127,BR007,2026-06-01 15:00:00,Locker Issuing,Completed,2026-06-01 14:59:00,2026-06-01 15:14:00,False
APT-1128,BR007,2026-06-01 10:30:00,Loans - Payment and Sanctioning,Completed,2026-06-01 10:31:00,2026-06-01 10:59:00,False
APT-1129,BR007,2026-06-01 11:15:00,KYC Related,Completed,2026-06-01 11:10:00,2026-06-01 11:30:00,False
APT-1130,BR007,2026-06-01 11:00:00,KYC Related,No-Show,,,True
APT-1131,BR007,2026-06-01 14:15:00,Locker Issuing,No-Show,,,True
APT-1132,BR007,2026-06-01 11:15:00,Locker Issuing,Completed,2026-06-01 11:19:00,2026-06-01 11:42:00,False
APT-1133,BR007,2026-06-01 15:00:00,Locker Issuing,No-Show,,,True
APT-1134,BR007,2026-06-01 15:15:00,Loans - Payment and Sanctioning,Completed,2026-06-01 15:16:00,2026-06-01 15:49:00,False
APT-1135,BR007,2026-06-01 12:45:00,Credit Card,Completed,2026-06-01 12:44:00,2026-06-01 13:05:00,False
APT-1136,BR007,2026-06-01 13:45:00,Loans - Payment and Sanctioning,Completed,2026-06-01 13:53:00,2026-06-01 14:19:00,False
APT-1137,BR007,2026-06-01 14:30:00,Credit Card,Completed,2026-06-01 14:32:00,2026-06-01 14:55:00,False
APT-1138,BR007,2026-06-01 10:00:00,KYC Related,Completed,2026-06-01 09:59:00,2026-06-01 10:38:00,False
APT-1139,BR007,2026-06-01 11:30:00,Account Opening,Completed,2026-06-01 11:39:00,2026-06-01 12:02:00,False
APT-1140,BR008,2026-06-01 15:15:00,Credit Card,Completed,2026-06-01 15:25:00,2026-06-01 16:00:00,False
APT-1141,BR008,2026-06-01 10:30:00,Locker Issuing,Completed,2026-06-01 10:31:00,2026-06-01 11:09:00,False
APT-1142,BR008,2026-06-01 11:00:00,Insurance,Completed,2026-06-01 11:03:00,2026-06-01 11:23:00,False
APT-1143,BR008,2026-06-01 11:15:00,KYC Related,No-Show,,,True
APT-1144,BR008,2026-06-01 12:30:00,Account Opening,Completed,2026-06-01 12:35:00,2026-06-01 13:15:00,False
APT-1145,BR008,2026-06-01 12:30:00,Loans - Payment and Sanctioning,Completed,2026-06-01 12:22:00,2026-06-01 12:41:00,False
APT-1146,BR008,2026-06-01 11:45:00,KYC Related,Completed,2026-06-01 11:47:00,2026-06-01 12:02:00,False
APT-1147,BR008,2026-06-01 12:00:00,Locker Issuing,Completed,2026-06-01 11:58:00,2026-06-01 12:31:00,False
APT-1148,BR008,2026-06-01 13:30:00,Loans - Payment and Sanctioning,Completed,2026-06-01 13:35:00,2026-06-01 13:50:00,False
APT-1149,BR008,2026-06-01 14:30:00,KYC Related,Completed,2026-06-01 14:22:00,2026-06-01 14:57:00,False
APT-1150,BR008,2026-06-01 13:30:00,Credit Card,Completed,2026-06-01 13:24:00,2026-06-01 13:40:00,False
APT-1151,BR008,2026-06-01 10:30:00,Locker Issuing,Completed,2026-06-01 10:27:00,2026-06-01 10:59:00,False
APT-1152,BR008,2026-06-01 11:45:00,Locker Issuing,Completed,2026-06-01 11:52:00,2026-06-01 12:20:00,False
APT-1153,BR008,2026-06-01 14:15:00,Locker Issuing,Completed,2026-06-01 14:20:00,2026-06-01 14:54:00,False
APT-1154,BR008,2026-06-01 13:30:00,Loans - Payment and Sanctioning,Completed,2026-06-01 13:26:00,2026-06-01 13:55:00,False
APT-1155,BR008,2026-06-01 13:15:00,Insurance,Completed,2026-06-01 13:16:00,2026-06-01 13:48:00,False
APT-1156,BR008,2026-06-01 15:30:00,Loans - Payment and Sanctioning,Completed,2026-06-01 15:26:00,2026-06-01 15:44:00,False
APT-1157,BR008,2026-06-01 13:00:00,Credit Card,Completed,2026-06-01 13:10:00,2026-06-01 13:44:00,False
APT-1158,BR008,2026-06-01 10:00:00,Insurance,Completed,2026-06-01 09:54:00,2026-06-01 10:34:00,False
APT-1159,BR001,2026-06-02 11:00:00,KYC Related,Completed,2026-06-02 10:56:00,2026-06-02 11:18:00,False
APT-1160,BR001,2026-06-02 12:15:00,KYC Related,Completed,2026-06-02 12:09:00,2026-06-02 12:28:00,False
APT-1161,BR001,2026-06-02 14:30:00,Account Opening,Completed,2026-06-02 14:20:00,2026-06-02 14:39:00,False
APT-1162,BR001,2026-06-02 10:30:00,Account Opening,Completed,2026-06-02 10:20:00,2026-06-02 10:40:00,False
APT-1163,BR001,2026-06-02 12:00:00,Account Opening,Completed,2026-06-02 12:06:00,2026-06-02 12:24:00,False
APT-1164,BR001,2026-06-02 15:00:00,Locker Issuing,Completed,2026-06-02 15:01:00,2026-06-02 15:32:00,False
APT-1165,BR001,2026-06-02 14:00:00,Locker Issuing,Completed,2026-06-02 14:09:00,2026-06-02 14:25:00,False
APT-1166,BR001,2026-06-02 15:30:00,Locker Issuing,Completed,2026-06-02 15:20:00,2026-06-02 15:36:00,False
APT-1167,BR001,2026-06-02 13:45:00,Locker Issuing,Completed,2026-06-02 13:50:00,2026-06-02 14:27:00,False
APT-1168,BR001,2026-06-02 13:00:00,Loans - Payment and Sanctioning,Completed,2026-06-02 12:54:00,2026-06-02 13:11:00,False
APT-1169,BR001,2026-06-02 11:30:00,KYC Related,Completed,2026-06-02 11:37:00,2026-06-02 12:14:00,False
APT-1170,BR001,2026-06-02 12:45:00,KYC Related,Completed,2026-06-02 12:49:00,2026-06-02 13:20:00,False
APT-1171,BR001,2026-06-02 14:45:00,Loans - Payment and Sanctioning,Cancelled,,,False
APT-1172,BR001,2026-06-02 10:15:00,Locker Issuing,Completed,2026-06-02 10:12:00,2026-06-02 10:40:00,False
APT-1173,BR001,2026-06-02 12:45:00,Locker Issuing,Completed,2026-06-02 12:38:00,2026-06-02 13:03:00,False
APT-1174,BR001,2026-06-02 13:30:00,Credit Card,Completed,2026-06-02 13:24:00,2026-06-02 14:00:00,False
APT-1175,BR001,2026-06-02 13:00:00,Loans - Payment and Sanctioning,Cancelled,,,False
APT-1176,BR001,2026-06-02 10:45:00,Loans - Payment and Sanctioning,Completed,2026-06-02 10:46:00,2026-06-02 11:26:00,False
APT-1177,BR001,2026-06-02 11:00:00,KYC Related,Late,2026-06-02 11:32:00,2026-06-02 12:02:00,False
APT-1178,BR001,2026-06-02 15:00:00,Locker Issuing,Completed,2026-06-02 15:03:00,2026-06-02 15:41:00,False
APT-1179,BR001,2026-06-02 10:30:00,KYC Related,Completed,2026-06-02 10:23:00,2026-06-02 10:56:00,False
APT-1180,BR001,2026-06-02 14:15:00,Account Opening,Completed,2026-06-02 14:12:00,2026-06-02 14:30:00,False
APT-1181,BR001,2026-06-02 12:30:00,Loans - Payment and Sanctioning,Cancelled,,,False
APT-1182,BR002,2026-06-02 11:45:00,KYC Related,Late,2026-06-02 12:26:00,2026-06-02 13:05:00,False
APT-1183,BR002,2026-06-02 14:00:00,KYC Related,No-Show,,,True
APT-1184,BR002,2026-06-02 15:30:00,Loans - Payment and Sanctioning,Completed,2026-06-02 15:29:00,2026-06-02 15:54:00,False
APT-1185,BR002,2026-06-02 12:00:00,Account Opening,No-Show,,,True
APT-1186,BR002,2026-06-02 14:45:00,Loans - Payment and Sanctioning,Completed,2026-06-02 14:55:00,2026-06-02 15:10:00,False
APT-1187,BR002,2026-06-02 10:15:00,Locker Issuing,Completed,2026-06-02 10:15:00,2026-06-02 10:35:00,False
APT-1188,BR002,2026-06-02 12:30:00,Credit Card,Completed,2026-06-02 12:38:00,2026-06-02 13:12:00,False
APT-1189,BR002,2026-06-02 10:00:00,Account Opening,Completed,2026-06-02 10:09:00,2026-06-02 10:25:00,False
APT-1190,BR002,2026-06-02 15:00:00,Insurance,Completed,2026-06-02 15:03:00,2026-06-02 15:33:00,False
APT-1191,BR002,2026-06-02 14:45:00,Locker Issuing,Completed,2026-06-02 14:51:00,2026-06-02 15:09:00,False
APT-1192,BR002,2026-06-02 12:45:00,Loans - Payment and Sanctioning,Completed,2026-06-02 12:53:00,2026-06-02 13:23:00,False
APT-1193,BR002,2026-06-02 14:30:00,Loans - Payment and Sanctioning,Completed,2026-06-02 14:39:00,2026-06-02 14:55:00,False
APT-1194,BR002,2026-06-02 10:15:00,Insurance,No-Show,,,True
APT-1195,BR002,2026-06-02 11:30:00,Insurance,Completed,2026-06-02 11:20:00,2026-06-02 11:50:00,False
APT-1196,BR002,2026-06-02 15:45:00,Account Opening,Completed,2026-06-02 15:52:00,2026-06-02 16:29:00,False
APT-1197,BR002,2026-06-02 11:30:00,Loans - Payment and Sanctioning,Completed,2026-06-02 11:21:00,2026-06-02 11:49:00,False
APT-1198,BR002,2026-06-02 10:45:00,Loans - Payment and Sanctioning,No-Show,,,True
APT-1199,BR002,2026-06-02 14:45:00,KYC Related,Completed,2026-06-02 14:55:00,2026-06-02 15:23:00,False
APT-1200,BR002,2026-06-02 12:00:00,Locker Issuing,Completed,2026-06-02 12:00:00,2026-06-02 12:20:00,False
APT-1201,BR002,2026-06-02 14:45:00,Credit Card,No-Show,,,True
APT-1202,BR002,2026-06-02 10:45:00,Loans - Payment and Sanctioning,Completed,2026-06-02 10:53:00,2026-06-02 11:20:00,False
APT-1203,BR002,2026-06-02 14:00:00,Locker Issuing,No-Show,,,True
APT-1204,BR002,2026-06-02 15:30:00,Account Opening,Completed,2026-06-02 15:25:00,2026-06-02 15:42:00,False
APT-1205,BR002,2026-06-02 14:00:00,KYC Related,Completed,2026-06-02 14:01:00,2026-06-02 14:27:00,False
APT-1206,BR002,2026-06-02 15:15:00,Account Opening,Completed,2026-06-02 15:13:00,2026-06-02 15:34:00,False
APT-1207,BR002,2026-06-02 11:15:00,Credit Card,Completed,2026-06-02 11:25:00,2026-06-02 11:55:00,False
APT-1208,BR002,2026-06-02 13:45:00,Credit Card,No-Show,,,True
APT-1209,BR003,2026-06-02 15:30:00,Credit Card,Completed,2026-06-02 15:34:00,2026-06-02 15:51:00,False
APT-1210,BR003,2026-06-02 13:45:00,Credit Card,Completed,2026-06-02 13:43:00,2026-06-02 14:16:00,False
APT-1211,BR003,2026-06-02 10:30:00,KYC Related,Completed,2026-06-02 10:34:00,2026-06-02 11:03:00,False
APT-1212,BR003,2026-06-02 10:00:00,Insurance,Cancelled,,,False
APT-1213,BR003,2026-06-02 10:00:00,KYC Related,Completed,2026-06-02 10:02:00,2026-06-02 10:31:00,False
APT-1214,BR003,2026-06-02 14:00:00,Locker Issuing,No-Show,,,True
APT-1215,BR003,2026-06-02 14:15:00,Insurance,Completed,2026-06-02 14:21:00,2026-06-02 14:40:00,False
APT-1216,BR003,2026-06-02 10:45:00,Loans - Payment and Sanctioning,Cancelled,,,False
APT-1217,BR003,2026-06-02 12:00:00,KYC Related,Completed,2026-06-02 11:51:00,2026-06-02 12:13:00,False
APT-1218,BR003,2026-06-02 15:45:00,Locker Issuing,Completed,2026-06-02 15:54:00,2026-06-02 16:14:00,False
APT-1219,BR003,2026-06-02 12:30:00,Insurance,Completed,2026-06-02 12:30:00,2026-06-02 13:06:00,False
APT-1220,BR003,2026-06-02 14:00:00,Credit Card,Completed,2026-06-02 13:52:00,2026-06-02 14:17:00,False
APT-1221,BR003,2026-06-02 10:45:00,Insurance,Completed,2026-06-02 10:54:00,2026-06-02 11:13:00,False
APT-1222,BR003,2026-06-02 12:00:00,KYC Related,Completed,2026-06-02 12:01:00,2026-06-02 12:25:00,False
APT-1223,BR003,2026-06-02 15:45:00,Account Opening,Completed,2026-06-02 15:37:00,2026-06-02 16:01:00,False
APT-1224,BR003,2026-06-02 14:45:00,Credit Card,Cancelled,,,False
APT-1225,BR003,2026-06-02 11:00:00,Credit Card,Completed,2026-06-02 11:06:00,2026-06-02 11:32:00,False
APT-1226,BR003,2026-06-02 10:30:00,Insurance,Completed,2026-06-02 10:26:00,2026-06-02 10:51:00,False
APT-1227,BR003,2026-06-02 13:15:00,Account Opening,Late,2026-06-02 13:34:00,2026-06-02 13:56:00,False
APT-1228,BR003,2026-06-02 12:00:00,KYC Related,Cancelled,,,False
APT-1229,BR003,2026-06-02 15:00:00,Credit Card,Completed,2026-06-02 15:09:00,2026-06-02 15:28:00,False
APT-1230,BR003,2026-06-02 14:45:00,Account Opening,Completed,2026-06-02 14:54:00,2026-06-02 15:34:00,False
APT-1231,BR004,2026-06-02 15:45:00,Loans - Payment and Sanctioning,Completed,2026-06-02 15:42:00,2026-06-02 16:11:00,False
APT-1232,BR004,2026-06-02 14:30:00,Credit Card,Cancelled,,,False
APT-1233,BR004,2026-06-02 11:15:00,Insurance,Late,2026-06-02 11:55:00,2026-06-02 12:30:00,False
APT-1234,BR004,2026-06-02 11:30:00,Credit Card,No-Show,,,True
APT-1235,BR004,2026-06-02 13:45:00,Insurance,Cancelled,,,False
APT-1236,BR004,2026-06-02 14:45:00,Account Opening,Cancelled,,,False
APT-1237,BR004,2026-06-02 14:15:00,Insurance,Completed,2026-06-02 14:20:00,2026-06-02 14:46:00,False
APT-1238,BR004,2026-06-02 14:00:00,Credit Card,Cancelled,,,False
APT-1239,BR004,2026-06-02 10:30:00,Loans - Payment and Sanctioning,Cancelled,,,False
APT-1240,BR004,2026-06-02 12:45:00,KYC Related,Completed,2026-06-02 12:48:00,2026-06-02 13:05:00,False
APT-1241,BR005,2026-06-02 13:30:00,Loans - Payment and Sanctioning,Completed,2026-06-02 13:32:00,2026-06-02 14:03:00,False
APT-1242,BR005,2026-06-02 12:15:00,Locker Issuing,Late,2026-06-02 12:41:00,2026-06-02 13:08:00,False
APT-1243,BR005,2026-06-02 10:30:00,Loans - Payment and Sanctioning,Cancelled,,,False
APT-1244,BR005,2026-06-02 15:30:00,Account Opening,Completed,2026-06-02 15:29:00,2026-06-02 15:59:00,False
APT-1245,BR005,2026-06-02 15:15:00,Credit Card,Completed,2026-06-02 15:24:00,2026-06-02 15:39:00,False
APT-1246,BR005,2026-06-02 10:00:00,Insurance,Completed,2026-06-02 09:54:00,2026-06-02 10:26:00,False
APT-1247,BR005,2026-06-02 15:45:00,Loans - Payment and Sanctioning,Cancelled,,,False
APT-1248,BR005,2026-06-02 11:30:00,Loans - Payment and Sanctioning,Completed,2026-06-02 11:33:00,2026-06-02 12:08:00,False
APT-1249,BR005,2026-06-02 14:45:00,Loans - Payment and Sanctioning,Completed,2026-06-02 14:50:00,2026-06-02 15:24:00,False
APT-1250,BR005,2026-06-02 14:00:00,Credit Card,Completed,2026-06-02 13:57:00,2026-06-02 14:34:00,False
APT-1251,BR005,2026-06-02 11:30:00,Locker Issuing,Completed,2026-06-02 11:31:00,2026-06-02 11:53:00,False
APT-1252,BR005,2026-06-02 14:45:00,Account Opening,Completed,2026-06-02 14:37:00,2026-06-02 15:08:00,False
APT-1253,BR005,2026-06-02 12:00:00,KYC Related,Completed,2026-06-02 12:06:00,2026-06-02 12:38:00,False
APT-1254,BR006,2026-06-02 13:45:00,Loans - Payment and Sanctioning,Completed,2026-06-02 13:46:00,2026-06-02 14:09:00,False
APT-1255,BR006,2026-06-02 15:00:00,Insurance,Cancelled,,,False
APT-1256,BR006,2026-06-02 12:15:00,Credit Card,Completed,2026-06-02 12:08:00,2026-06-02 12:47:00,False
APT-1257,BR006,2026-06-02 14:30:00,Account Opening,Completed,2026-06-02 14:37:00,2026-06-02 15:02:00,False
APT-1258,BR006,2026-06-02 15:15:00,Credit Card,Completed,2026-06-02 15:20:00,2026-06-02 15:55:00,False
APT-1259,BR006,2026-06-02 11:15:00,Loans - Payment and Sanctioning,Completed,2026-06-02 11:19:00,2026-06-02 11:35:00,False
APT-1260,BR007,2026-06-02 11:00:00,Account Opening,No-Show,,,True
APT-1261,BR007,2026-06-02 12:30:00,KYC Related,Completed,2026-06-02 12:37:00,2026-06-02 13:07:00,False
APT-1262,BR007,2026-06-02 12:00:00,Credit Card,Completed,2026-06-02 12:01:00,2026-06-02 12:40:00,False
APT-1263,BR007,2026-06-02 10:30:00,Insurance,Completed,2026-06-02 10:31:00,2026-06-02 10:59:00,False
APT-1264,BR007,2026-06-02 13:45:00,Locker Issuing,Completed,2026-06-02 13:40:00,2026-06-02 14:10:00,False
APT-1265,BR007,2026-06-02 15:45:00,Insurance,No-Show,,,True
APT-1266,BR007,2026-06-02 14:30:00,Loans - Payment and Sanctioning,Completed,2026-06-02 14:22:00,2026-06-02 14:50:00,False
APT-1267,BR007,2026-06-02 14:15:00,KYC Related,Completed,2026-06-02 14:08:00,2026-06-02 14:25:00,False
APT-1268,BR007,2026-06-02 12:30:00,Insurance,Completed,2026-06-02 12:33:00,2026-06-02 12:53:00,False
APT-1269,BR007,2026-06-02 15:45:00,Insurance,Completed,2026-06-02 15:46:00,2026-06-02 16:20:00,False
APT-1270,BR007,2026-06-02 13:30:00,Credit Card,Late,2026-06-02 14:15:00,2026-06-02 14:36:00,False
APT-1271,BR007,2026-06-02 10:45:00,Insurance,Completed,2026-06-02 10:40:00,2026-06-02 10:55:00,False
APT-1272,BR007,2026-06-02 11:45:00,Loans - Payment and Sanctioning,Completed,2026-06-02 11:42:00,2026-06-02 12:21:00,False
APT-1273,BR007,2026-06-02 15:30:00,Insurance,Completed,2026-06-02 15:38:00,2026-06-02 15:54:00,False
APT-1274,BR007,2026-06-02 14:15:00,Credit Card,Completed,2026-06-02 14:16:00,2026-06-02 14:42:00,False
APT-1275,BR008,2026-06-02 10:15:00,KYC Related,Completed,2026-06-02 10:15:00,2026-06-02 10:50:00,False
APT-1276,BR008,2026-06-02 12:15:00,Loans - Payment and Sanctioning,Completed,2026-06-02 12:10:00,2026-06-02 12:40:00,False
APT-1277,BR008,2026-06-02 14:45:00,KYC Related,Completed,2026-06-02 14:43:00,2026-06-02 15:20:00,False
APT-1278,BR008,2026-06-02 13:15:00,KYC Related,Completed,2026-06-02 13:20:00,2026-06-02 13:41:00,False
APT-1279,BR008,2026-06-02 10:15:00,Loans - Payment and Sanctioning,Completed,2026-06-02 10:19:00,2026-06-02 10:36:00,False
APT-1280,BR008,2026-06-02 15:30:00,Credit Card,Completed,2026-06-02 15:22:00,2026-06-02 15:54:00,False
APT-1281,BR008,2026-06-02 14:30:00,Insurance,No-Show,,,True
APT-1282,BR008,2026-06-02 15:15:00,Insurance,Completed,2026-06-02 15:08:00,2026-06-02 15:29:00,False
APT-1283,BR008,2026-06-02 11:15:00,Locker Issuing,Completed,2026-06-02 11:22:00,2026-06-02 11:55:00,False
APT-1284,BR008,2026-06-02 12:45:00,KYC Related,Completed,2026-06-02 12:37:00,2026-06-02 12:54:00,False
APT-1285,BR008,2026-06-02 12:45:00,Credit Card,Completed,2026-06-02 12:51:00,2026-06-02 13:19:00,False
APT-1286,BR008,2026-06-02 13:00:00,Account Opening,Late,2026-06-02 13:35:00,2026-06-02 13:57:00,False
APT-1287,BR008,2026-06-02 13:45:00,Credit Card,Completed,2026-06-02 13:39:00,2026-06-02 14:18:00,False
APT-1288,BR008,2026-06-02 14:15:00,Account Opening,Completed,2026-06-02 14:06:00,2026-06-02 14:24:00,False
APT-1289,BR008,2026-06-02 14:15:00,Insurance,Completed,2026-06-02 14:15:00,2026-06-02 14:52:00,False
APT-1290,BR008,2026-06-02 11:30:00,KYC Related,No-Show,,,True
APT-1291,BR001,2026-06-03 12:15:00,Credit Card,Late,2026-06-03 12:38:00,2026-06-03 13:02:00,False
APT-1292,BR001,2026-06-03 15:30:00,KYC Related,Completed,2026-06-03 15:36:00,2026-06-03 16:11:00,False
APT-1293,BR001,2026-06-03 11:15:00,Account Opening,Completed,2026-06-03 11:24:00,2026-06-03 11:49:00,False
APT-1294,BR001,2026-06-03 14:00:00,Loans - Payment and Sanctioning,Completed,2026-06-03 14:10:00,2026-06-03 14:49:00,False
APT-1295,BR001,2026-06-03 14:30:00,Credit Card,Completed,2026-06-03 14:38:00,2026-06-03 15:06:00,False
APT-1296,BR001,2026-06-03 14:00:00,Locker Issuing,No-Show,,,True
APT-1297,BR001,2026-06-03 14:30:00,Credit Card,Late,2026-06-03 15:00:00,2026-06-03 15:27:00,False
APT-1298,BR001,2026-06-03 15:45:00,Insurance,Completed,2026-06-03 15:36:00,2026-06-03 15:56:00,False
APT-1299,BR001,2026-06-03 13:45:00,Locker Issuing,Completed,2026-06-03 13:45:00,2026-06-03 14:19:00,False
APT-1300,BR001,2026-06-03 11:30:00,Credit Card,Completed,2026-06-03 11:31:00,2026-06-03 11:58:00,False
APT-1301,BR001,2026-06-03 11:30:00,KYC Related,Completed,2026-06-03 11:30:00,2026-06-03 11:52:00,False
APT-1302,BR001,2026-06-03 13:00:00,Insurance,Completed,2026-06-03 12:54:00,2026-06-03 13:12:00,False
APT-1303,BR002,2026-06-03 12:45:00,KYC Related,Completed,2026-06-03 12:40:00,2026-06-03 13:05:00,False
APT-1304,BR002,2026-06-03 14:30:00,Account Opening,Cancelled,,,False
APT-1305,BR002,2026-06-03 13:45:00,Locker Issuing,No-Show,,,True
APT-1306,BR002,2026-06-03 13:00:00,Loans - Payment and Sanctioning,No-Show,,,True
APT-1307,BR002,2026-06-03 14:45:00,Account Opening,Completed,2026-06-03 14:46:00,2026-06-03 15:02:00,False
APT-1308,BR002,2026-06-03 10:30:00,Locker Issuing,Completed,2026-06-03 10:40:00,2026-06-03 11:16:00,False
APT-1309,BR002,2026-06-03 13:30:00,KYC Related,Completed,2026-06-03 13:23:00,2026-06-03 13:51:00,False
APT-1310,BR002,2026-06-03 11:30:00,Credit Card,Completed,2026-06-03 11:32:00,2026-06-03 11:58:00,False
APT-1311,BR002,2026-06-03 10:45:00,Loans - Payment and Sanctioning,Completed,2026-06-03 10:41:00,2026-06-03 11:07:00,False
APT-1312,BR002,2026-06-03 14:30:00,Loans - Payment and Sanctioning,Completed,2026-06-03 14:34:00,2026-06-03 15:13:00,False
APT-1313,BR002,2026-06-03 14:30:00,KYC Related,Completed,2026-06-03 14:23:00,2026-06-03 14:42:00,False
APT-1314,BR002,2026-06-03 10:45:00,Insurance,Cancelled,,,False
APT-1315,BR003,2026-06-03 14:30:00,Account Opening,Completed,2026-06-03 14:36:00,2026-06-03 15:03:00,False
APT-1316,BR003,2026-06-03 14:00:00,Loans - Payment and Sanctioning,Completed,2026-06-03 14:00:00,2026-06-03 14:40:00,False
APT-1317,BR003,2026-06-03 13:45:00,Account Opening,Completed,2026-06-03 13:51:00,2026-06-03 14:10:00,False
APT-1318,BR003,2026-06-03 12:30:00,Account Opening,Completed,2026-06-03 12:39:00,2026-06-03 13:17:00,False
APT-1319,BR003,2026-06-03 12:30:00,KYC Related,Cancelled,,,False
APT-1320,BR003,2026-06-03 14:45:00,Credit Card,Completed,2026-06-03 14:50:00,2026-06-03 15:05:00,False
APT-1321,BR003,2026-06-03 12:30:00,Credit Card,Completed,2026-06-03 12:33:00,2026-06-03 13:06:00,False
APT-1322,BR003,2026-06-03 12:00:00,KYC Related,Completed,2026-06-03 12:10:00,2026-06-03 12:50:00,False
APT-1323,BR003,2026-06-03 14:15:00,Credit Card,Completed,2026-06-03 14:20:00,2026-06-03 14:40:00,False
APT-1324,BR003,2026-06-03 14:45:00,Account Opening,Cancelled,,,False
APT-1325,BR003,2026-06-03 11:00:00,KYC Related,No-Show,,,True
APT-1326,BR003,2026-06-03 10:15:00,Loans - Payment and Sanctioning,Completed,2026-06-03 10:18:00,2026-06-03 10:37:00,False
APT-1327,BR003,2026-06-03 13:15:00,Locker Issuing,Completed,2026-06-03 13:24:00,2026-06-03 13:54:00,False
APT-1328,BR003,2026-06-03 15:00:00,Credit Card,Completed,2026-06-03 14:56:00,2026-06-03 15:28:00,False
APT-1329,BR003,2026-06-03 12:45:00,KYC Related,Completed,2026-06-03 12:40:00,2026-06-03 13:09:00,False
APT-1330,BR003,2026-06-03 14:30:00,KYC Related,Completed,2026-06-03 14:40:00,2026-06-03 15:20:00,False
APT-1331,BR004,2026-06-03 12:45:00,Account Opening,Late,2026-06-03 13:08:00,2026-06-03 13:45:00,False
APT-1332,BR004,2026-06-03 12:15:00,Insurance,Cancelled,,,False
APT-1333,BR004,2026-06-03 15:15:00,Credit Card,Completed,2026-06-03 15:15:00,2026-06-03 15:45:00,False
APT-1334,BR004,2026-06-03 12:30:00,Insurance,Completed,2026-06-03 12:37:00,2026-06-03 13:04:00,False
APT-1335,BR004,2026-06-03 13:30:00,Account Opening,Completed,2026-06-03 13:29:00,2026-06-03 14:06:00,False
APT-1336,BR004,2026-06-03 10:30:00,Locker Issuing,Completed,2026-06-03 10:35:00,2026-06-03 10:56:00,False
APT-1337,BR004,2026-06-03 11:30:00,KYC Related,Completed,2026-06-03 11:24:00,2026-06-03 11:42:00,False
APT-1338,BR004,2026-06-03 14:15:00,Account Opening,Completed,2026-06-03 14:21:00,2026-06-03 14:43:00,False
APT-1339,BR004,2026-06-03 15:15:00,Loans - Payment and Sanctioning,Completed,2026-06-03 15:15:00,2026-06-03 15:52:00,False
APT-1340,BR004,2026-06-03 13:00:00,Credit Card,Cancelled,,,False
APT-1341,BR004,2026-06-03 10:15:00,Locker Issuing,Completed,2026-06-03 10:20:00,2026-06-03 10:50:00,False
APT-1342,BR004,2026-06-03 15:15:00,Insurance,Completed,2026-06-03 15:25:00,2026-06-03 15:41:00,False
APT-1343,BR004,2026-06-03 10:15:00,KYC Related,Completed,2026-06-03 10:06:00,2026-06-03 10:26:00,False
APT-1344,BR004,2026-06-03 13:15:00,Loans - Payment and Sanctioning,Late,2026-06-03 13:42:00,2026-06-03 14:27:00,False
APT-1345,BR004,2026-06-03 13:15:00,Credit Card,Late,2026-06-03 13:59:00,2026-06-03 14:28:00,False
APT-1346,BR004,2026-06-03 10:00:00,Insurance,Completed,2026-06-03 09:53:00,2026-06-03 10:18:00,False
APT-1347,BR004,2026-06-03 12:45:00,Credit Card,Completed,2026-06-03 12:50:00,2026-06-03 13:09:00,False
APT-1348,BR004,2026-06-03 14:45:00,Insurance,Completed,2026-06-03 14:38:00,2026-06-03 15:03:00,False
APT-1349,BR004,2026-06-03 11:45:00,Credit Card,Completed,2026-06-03 11:40:00,2026-06-03 11:55:00,False
APT-1350,BR005,2026-06-03 12:30:00,KYC Related,Completed,2026-06-03 12:26:00,2026-06-03 12:46:00,False
APT-1351,BR005,2026-06-03 14:45:00,Locker Issuing,Completed,2026-06-03 14:37:00,2026-06-03 15:04:00,False
APT-1352,BR005,2026-06-03 15:00:00,Account Opening,Late,2026-06-03 15:30:00,2026-06-03 16:00:00,False
APT-1353,BR005,2026-06-03 11:00:00,Insurance,Completed,2026-06-03 11:04:00,2026-06-03 11:43:00,False
APT-1354,BR005,2026-06-03 12:30:00,Insurance,Completed,2026-06-03 12:38:00,2026-06-03 12:53:00,False
APT-1355,BR005,2026-06-03 12:30:00,Credit Card,Completed,2026-06-03 12:23:00,2026-06-03 12:52:00,False
APT-1356,BR005,2026-06-03 12:15:00,Locker Issuing,Completed,2026-06-03 12:14:00,2026-06-03 12:51:00,False
APT-1357,BR005,2026-06-03 10:30:00,Insurance,Completed,2026-06-03 10:27:00,2026-06-03 10:46:00,False
APT-1358,BR005,2026-06-03 13:15:00,Locker Issuing,Completed,2026-06-03 13:24:00,2026-06-03 13:50:00,False
APT-1359,BR005,2026-06-03 13:45:00,KYC Related,Cancelled,,,False
APT-1360,BR005,2026-06-03 11:15:00,Credit Card,Cancelled,,,False
APT-1361,BR005,2026-06-03 10:45:00,KYC Related,Completed,2026-06-03 10:37:00,2026-06-03 11:10:00,False
APT-1362,BR005,2026-06-03 10:00:00,KYC Related,No-Show,,,True
APT-1363,BR005,2026-06-03 11:15:00,Account Opening,Completed,2026-06-03 11:21:00,2026-06-03 11:50:00,False
APT-1364,BR005,2026-06-03 10:15:00,Credit Card,Completed,2026-06-03 10:07:00,2026-06-03 10:38:00,False
APT-1365,BR005,2026-06-03 13:00:00,Locker Issuing,Completed,2026-06-03 13:03:00,2026-06-03 13:32:00,False
APT-1366,BR005,2026-06-03 14:00:00,KYC Related,Completed,2026-06-03 13:59:00,2026-06-03 14:37:00,False
APT-1367,BR005,2026-06-03 10:45:00,Insurance,Cancelled,,,False
APT-1368,BR005,2026-06-03 15:15:00,KYC Related,Completed,2026-06-03 15:18:00,2026-06-03 15:44:00,False
APT-1369,BR005,2026-06-03 15:00:00,KYC Related,Late,2026-06-03 15:44:00,2026-06-03 16:32:00,False
APT-1370,BR005,2026-06-03 10:45:00,Loans - Payment and Sanctioning,Completed,2026-06-03 10:40:00,2026-06-03 11:19:00,False
APT-1371,BR005,2026-06-03 11:45:00,Insurance,Late,2026-06-03 12:12:00,2026-06-03 12:46:00,False
APT-1372,BR006,2026-06-03 13:00:00,Credit Card,Late,2026-06-03 13:42:00,2026-06-03 14:19:00,False
APT-1373,BR006,2026-06-03 11:30:00,Loans - Payment and Sanctioning,Completed,2026-06-03 11:37:00,2026-06-03 12:04:00,False
APT-1374,BR006,2026-06-03 14:15:00,Credit Card,Late,2026-06-03 14:56:00,2026-06-03 15:16:00,False
APT-1375,BR006,2026-06-03 10:30:00,Locker Issuing,Completed,2026-06-03 10:37:00,2026-06-03 11:05:00,False
APT-1376,BR006,2026-06-03 14:45:00,Account Opening,Completed,2026-06-03 14:46:00,2026-06-03 15:05:00,False
APT-1377,BR006,2026-06-03 12:15:00,Credit Card,Cancelled,,,False
APT-1378,BR006,2026-06-03 10:45:00,KYC Related,Cancelled,,,False
APT-1379,BR006,2026-06-03 10:15:00,Account Opening,Completed,2026-06-03 10:24:00,2026-06-03 10:40:00,False
APT-1380,BR006,2026-06-03 13:00:00,Account Opening,Completed,2026-06-03 13:02:00,2026-06-03 13:31:00,False
APT-1381,BR006,2026-06-03 11:15:00,Loans - Payment and Sanctioning,Completed,2026-06-03 11:14:00,2026-06-03 11:36:00,False
APT-1382,BR006,2026-06-03 15:30:00,KYC Related,Completed,2026-06-03 15:30:00,2026-06-03 15:52:00,False
APT-1383,BR007,2026-06-03 11:15:00,Locker Issuing,Completed,2026-06-03 11:06:00,2026-06-03 11:38:00,False
APT-1384,BR007,2026-06-03 14:15:00,Credit Card,Completed,2026-06-03 14:22:00,2026-06-03 14:52:00,False
APT-1385,BR007,2026-06-03 10:30:00,Credit Card,Completed,2026-06-03 10:36:00,2026-06-03 11:01:00,False
APT-1386,BR007,2026-06-03 15:45:00,Locker Issuing,Completed,2026-06-03 15:47:00,2026-06-03 16:07:00,False
APT-1387,BR007,2026-06-03 14:45:00,Account Opening,Cancelled,,,False
APT-1388,BR007,2026-06-03 12:15:00,Locker Issuing,No-Show,,,True
APT-1389,BR007,2026-06-03 14:45:00,Locker Issuing,Completed,2026-06-03 14:39:00,2026-06-03 15:06:00,False
APT-1390,BR007,2026-06-03 11:30:00,Account Opening,Completed,2026-06-03 11:22:00,2026-06-03 11:51:00,False
APT-1391,BR007,2026-06-03 12:00:00,KYC Related,Completed,2026-06-03 11:56:00,2026-06-03 12:12:00,False
APT-1392,BR007,2026-06-03 12:45:00,Credit Card,Completed,2026-06-03 12:36:00,2026-06-03 12:53:00,False
APT-1393,BR007,2026-06-03 11:15:00,Locker Issuing,Completed,2026-06-03 11:15:00,2026-06-03 11:39:00,False
APT-1394,BR007,2026-06-03 10:15:00,Account Opening,Late,2026-06-03 10:33:00,2026-06-03 11:16:00,False
APT-1395,BR007,2026-06-03 13:15:00,Credit Card,Completed,2026-06-03 13:11:00,2026-06-03 13:38:00,False
APT-1396,BR007,2026-06-03 11:30:00,Insurance,Completed,2026-06-03 11:37:00,2026-06-03 12:12:00,False
APT-1397,BR007,2026-06-03 12:30:00,Insurance,Completed,2026-06-03 12:35:00,2026-06-03 13:04:00,False
APT-1398,BR008,2026-06-03 15:45:00,Insurance,No-Show,,,True
APT-1399,BR008,2026-06-03 12:30:00,Locker Issuing,Completed,2026-06-03 12:27:00,2026-06-03 13:05:00,False
APT-1400,BR008,2026-06-03 11:00:00,Insurance,Completed,2026-06-03 11:08:00,2026-06-03 11:41:00,False
APT-1401,BR008,2026-06-03 15:45:00,Insurance,Completed,2026-06-03 15:45:00,2026-06-03 16:07:00,False
APT-1402,BR008,2026-06-03 13:15:00,Locker Issuing,Completed,2026-06-03 13:15:00,2026-06-03 13:38:00,False
APT-1403,BR008,2026-06-03 13:45:00,Locker Issuing,Completed,2026-06-03 13:46:00,2026-06-03 14:06:00,False
APT-1404,BR008,2026-06-03 11:45:00,Account Opening,No-Show,,,True
APT-1405,BR008,2026-06-03 14:00:00,KYC Related,Completed,2026-06-03 13:52:00,2026-06-03 14:28:00,False
APT-1406,BR008,2026-06-03 10:00:00,Locker Issuing,Completed,2026-06-03 10:10:00,2026-06-03 10:32:00,False
APT-1407,BR001,2026-06-04 15:15:00,Loans - Payment and Sanctioning,Completed,2026-06-04 15:19:00,2026-06-04 15:45:00,False
APT-1408,BR001,2026-06-04 10:45:00,Credit Card,Completed,2026-06-04 10:35:00,2026-06-04 11:07:00,False
APT-1409,BR001,2026-06-04 14:45:00,Loans - Payment and Sanctioning,Completed,2026-06-04 14:43:00,2026-06-04 15:15:00,False
APT-1410,BR001,2026-06-04 12:00:00,KYC Related,Cancelled,,,False
APT-1411,BR001,2026-06-04 15:45:00,Account Opening,Completed,2026-06-04 15:38:00,2026-06-04 16:09:00,False
APT-1412,BR001,2026-06-04 11:15:00,Account Opening,Completed,2026-06-04 11:13:00,2026-06-04 11:39:00,False
APT-1413,BR001,2026-06-04 12:45:00,Loans - Payment and Sanctioning,Completed,2026-06-04 12:47:00,2026-06-04 13:16:00,False
APT-1414,BR001,2026-06-04 14:15:00,Credit Card,Completed,2026-06-04 14:07:00,2026-06-04 14:42:00,False
APT-1415,BR001,2026-06-04 15:00:00,Loans - Payment and Sanctioning,Completed,2026-06-04 15:02:00,2026-06-04 15:34:00,False
APT-1416,BR001,2026-06-04 13:00:00,Credit Card,Completed,2026-06-04 12:55:00,2026-06-04 13:12:00,False
APT-1417,BR001,2026-06-04 13:45:00,Credit Card,Cancelled,,,False
APT-1418,BR001,2026-06-04 14:00:00,KYC Related,No-Show,,,True
APT-1419,BR002,2026-06-04 11:45:00,Insurance,Completed,2026-06-04 11:37:00,2026-06-04 12:13:00,False
APT-1420,BR002,2026-06-04 12:00:00,Account Opening,No-Show,,,True
APT-1421,BR002,2026-06-04 12:00:00,Account Opening,Completed,2026-06-04 12:02:00,2026-06-04 12:19:00,False
APT-1422,BR002,2026-06-04 12:15:00,KYC Related,Completed,2026-06-04 12:17:00,2026-06-04 12:53:00,False
APT-1423,BR002,2026-06-04 14:30:00,Locker Issuing,Cancelled,,,False
APT-1424,BR002,2026-06-04 11:00:00,KYC Related,Completed,2026-06-04 11:01:00,2026-06-04 11:17:00,False
APT-1425,BR002,2026-06-04 10:45:00,Account Opening,Cancelled,,,False
APT-1426,BR002,2026-06-04 12:45:00,Insurance,Completed,2026-06-04 12:43:00,2026-06-04 13:23:00,False
APT-1427,BR002,2026-06-04 13:45:00,Account Opening,Completed,2026-06-04 13:47:00,2026-06-04 14:15:00,False
APT-1428,BR002,2026-06-04 11:45:00,Loans - Payment and Sanctioning,Cancelled,,,False
APT-1429,BR002,2026-06-04 12:15:00,Credit Card,Completed,2026-06-04 12:13:00,2026-06-04 12:32:00,False
APT-1430,BR002,2026-06-04 13:15:00,Credit Card,Completed,2026-06-04 13:16:00,2026-06-04 13:34:00,False
APT-1431,BR002,2026-06-04 10:00:00,Insurance,Completed,2026-06-04 09:58:00,2026-06-04 10:16:00,False
APT-1432,BR002,2026-06-04 11:00:00,Account Opening,Completed,2026-06-04 11:07:00,2026-06-04 11:39:00,False
APT-1433,BR002,2026-06-04 14:45:00,Loans - Payment and Sanctioning,Completed,2026-06-04 14:46:00,2026-06-04 15:18:00,False
APT-1434,BR002,2026-06-04 10:30:00,Locker Issuing,Completed,2026-06-04 10:33:00,2026-06-04 11:00:00,False
APT-1435,BR002,2026-06-04 10:15:00,KYC Related,Completed,2026-06-04 10:17:00,2026-06-04 10:37:00,False
APT-1436,BR003,2026-06-04 12:30:00,Insurance,Completed,2026-06-04 12:22:00,2026-06-04 12:42:00,False
APT-1437,BR003,2026-06-04 13:30:00,Locker Issuing,Completed,2026-06-04 13:22:00,2026-06-04 13:48:00,False
APT-1438,BR003,2026-06-04 12:15:00,Credit Card,Completed,2026-06-04 12:24:00,2026-06-04 12:58:00,False
APT-1439,BR003,2026-06-04 11:45:00,Loans - Payment and Sanctioning,Completed,2026-06-04 11:35:00,2026-06-04 12:02:00,False
APT-1440,BR003,2026-06-04 12:45:00,Insurance,Completed,2026-06-04 12:48:00,2026-06-04 13:23:00,False
APT-1441,BR003,2026-06-04 14:15:00,Insurance,Completed,2026-06-04 14:11:00,2026-06-04 14:41:00,False
APT-1442,BR003,2026-06-04 12:15:00,Locker Issuing,Late,2026-06-04 12:39:00,2026-06-04 13:22:00,False
APT-1443,BR003,2026-06-04 15:45:00,KYC Related,Cancelled,,,False
APT-1444,BR003,2026-06-04 12:45:00,Insurance,Cancelled,,,False
APT-1445,BR003,2026-06-04 13:30:00,Loans - Payment and Sanctioning,No-Show,,,True
APT-1446,BR003,2026-06-04 11:15:00,Credit Card,Cancelled,,,False
APT-1447,BR003,2026-06-04 10:45:00,Credit Card,Completed,2026-06-04 10:44:00,2026-06-04 11:21:00,False
APT-1448,BR003,2026-06-04 10:45:00,Credit Card,Completed,2026-06-04 10:55:00,2026-06-04 11:19:00,False
APT-1449,BR004,2026-06-04 12:15:00,Credit Card,Completed,2026-06-04 12:17:00,2026-06-04 12:34:00,False
APT-1450,BR004,2026-06-04 13:45:00,KYC Related,Completed,2026-06-04 13:51:00,2026-06-04 14:28:00,False
APT-1451,BR004,2026-06-04 13:00:00,Insurance,Completed,2026-06-04 13:07:00,2026-06-04 13:41:00,False
APT-1452,BR004,2026-06-04 15:00:00,Loans - Payment and Sanctioning,Cancelled,,,False
APT-1453,BR004,2026-06-04 15:30:00,Account Opening,Completed,2026-06-04 15:21:00,2026-06-04 15:54:00,False
APT-1454,BR004,2026-06-04 15:45:00,Insurance,Late,2026-06-04 16:13:00,2026-06-04 16:36:00,False
APT-1455,BR004,2026-06-04 10:00:00,Insurance,Completed,2026-06-04 10:06:00,2026-06-04 10:38:00,False
APT-1456,BR004,2026-06-04 14:15:00,Locker Issuing,Completed,2026-06-04 14:19:00,2026-06-04 14:58:00,False
APT-1457,BR004,2026-06-04 15:15:00,Insurance,Late,2026-06-04 15:45:00,2026-06-04 16:08:00,False
APT-1458,BR004,2026-06-04 12:45:00,Loans - Payment and Sanctioning,Completed,2026-06-04 12:39:00,2026-06-04 13:05:00,False
APT-1459,BR004,2026-06-04 12:30:00,Locker Issuing,Cancelled,,,False
APT-1460,BR005,2026-06-04 13:30:00,Locker Issuing,Completed,2026-06-04 13:34:00,2026-06-04 13:59:00,False
APT-1461,BR005,2026-06-04 10:30:00,Loans - Payment and Sanctioning,Cancelled,,,False
APT-1462,BR005,2026-06-04 10:00:00,Insurance,Completed,2026-06-04 09:55:00,2026-06-04 10:33:00,False
APT-1463,BR005,2026-06-04 11:15:00,KYC Related,Completed,2026-06-04 11:22:00,2026-06-04 11:50:00,False
APT-1464,BR005,2026-06-04 13:15:00,Locker Issuing,Completed,2026-06-04 13:10:00,2026-06-04 13:45:00,False
APT-1465,BR005,2026-06-04 15:45:00,Locker Issuing,Completed,2026-06-04 15:54:00,2026-06-04 16:15:00,False
APT-1466,BR005,2026-06-04 13:45:00,Locker Issuing,Completed,2026-06-04 13:41:00,2026-06-04 14:02:00,False
APT-1467,BR005,2026-06-04 12:00:00,KYC Related,Completed,2026-06-04 12:07:00,2026-06-04 12:27:00,False
APT-1468,BR005,2026-06-04 12:30:00,Account Opening,Completed,2026-06-04 12:28:00,2026-06-04 13:04:00,False
APT-1469,BR005,2026-06-04 13:30:00,KYC Related,Completed,2026-06-04 13:32:00,2026-06-04 14:05:00,False
APT-1470,BR005,2026-06-04 10:30:00,Insurance,Cancelled,,,False
APT-1471,BR005,2026-06-04 14:15:00,Credit Card,Completed,2026-06-04 14:14:00,2026-06-04 14:48:00,False
APT-1472,BR005,2026-06-04 14:00:00,Credit Card,Completed,2026-06-04 13:53:00,2026-06-04 14:15:00,False
APT-1473,BR005,2026-06-04 12:00:00,Account Opening,Completed,2026-06-04 11:54:00,2026-06-04 12:25:00,False
APT-1474,BR005,2026-06-04 13:45:00,KYC Related,Completed,2026-06-04 13:47:00,2026-06-04 14:15:00,False
APT-1475,BR005,2026-06-04 11:45:00,Credit Card,Completed,2026-06-04 11:55:00,2026-06-04 12:15:00,False
APT-1476,BR005,2026-06-04 14:15:00,Locker Issuing,Completed,2026-06-04 14:10:00,2026-06-04 14:35:00,False
APT-1477,BR005,2026-06-04 13:00:00,Insurance,Late,2026-06-04 13:30:00,2026-06-04 13:54:00,False
APT-1478,BR005,2026-06-04 11:45:00,KYC Related,Completed,2026-06-04 11:50:00,2026-06-04 12:18:00,False
APT-1479,BR006,2026-06-04 13:45:00,Credit Card,Cancelled,,,False
APT-1480,BR006,2026-06-04 13:15:00,Loans - Payment and Sanctioning,Completed,2026-06-04 13:12:00,2026-06-04 13:36:00,False
APT-1481,BR006,2026-06-04 10:30:00,Account Opening,Completed,2026-06-04 10:25:00,2026-06-04 11:04:00,False
APT-1482,BR006,2026-06-04 13:45:00,KYC Related,Completed,2026-06-04 13:53:00,2026-06-04 14:11:00,False
APT-1483,BR006,2026-06-04 12:30:00,KYC Related,Cancelled,,,False
APT-1484,BR006,2026-06-04 10:45:00,KYC Related,Completed,2026-06-04 10:48:00,2026-06-04 11:06:00,False
APT-1485,BR006,2026-06-04 15:15:00,Insurance,No-Show,,,True
APT-1486,BR006,2026-06-04 10:45:00,Insurance,Completed,2026-06-04 10:37:00,2026-06-04 11:06:00,False
APT-1487,BR006,2026-06-04 10:15:00,Account Opening,Cancelled,,,False
APT-1488,BR006,2026-06-04 14:30:00,Credit Card,Completed,2026-06-04 14:33:00,2026-06-04 14:53:00,False
APT-1489,BR006,2026-06-04 14:15:00,Account Opening,Cancelled,,,False
APT-1490,BR006,2026-06-04 10:30:00,KYC Related,Completed,2026-06-04 10:37:00,2026-06-04 10:57:00,False
APT-1491,BR006,2026-06-04 12:30:00,Insurance,Completed,2026-06-04 12:36:00,2026-06-04 13:12:00,False
APT-1492,BR006,2026-06-04 10:15:00,Locker Issuing,No-Show,,,True
APT-1493,BR007,2026-06-04 15:15:00,Credit Card,No-Show,,,True
APT-1494,BR007,2026-06-04 11:15:00,Credit Card,Completed,2026-06-04 11:12:00,2026-06-04 11:51:00,False
APT-1495,BR007,2026-06-04 15:45:00,Locker Issuing,Completed,2026-06-04 15:55:00,2026-06-04 16:18:00,False
APT-1496,BR007,2026-06-04 15:45:00,Locker Issuing,Completed,2026-06-04 15:55:00,2026-06-04 16:35:00,False
APT-1497,BR007,2026-06-04 10:45:00,KYC Related,Completed,2026-06-04 10:46:00,2026-06-04 11:15:00,False
APT-1498,BR007,2026-06-04 13:30:00,KYC Related,Completed,2026-06-04 13:22:00,2026-06-04 14:00:00,False
APT-1499,BR007,2026-06-04 13:30:00,Loans - Payment and Sanctioning,Cancelled,,,False
APT-1500,BR007,2026-06-04 13:15:00,Locker Issuing,Cancelled,,,False
APT-1501,BR007,2026-06-04 13:30:00,Insurance,Cancelled,,,False
APT-1502,BR007,2026-06-04 12:15:00,KYC Related,No-Show,,,True
APT-1503,BR007,2026-06-04 12:00:00,Loans - Payment and Sanctioning,Completed,2026-06-04 12:04:00,2026-06-04 12:19:00,False
APT-1504,BR007,2026-06-04 10:15:00,Locker Issuing,Completed,2026-06-04 10:18:00,2026-06-04 10:39:00,False
APT-1505,BR007,2026-06-04 15:15:00,Credit Card,Completed,2026-06-04 15:13:00,2026-06-04 15:30:00,False
APT-1506,BR007,2026-06-04 15:30:00,Insurance,Completed,2026-06-04 15:40:00,2026-06-04 16:00:00,False
APT-1507,BR007,2026-06-04 10:45:00,Credit Card,Completed,2026-06-04 10:42:00,2026-06-04 11:10:00,False
APT-1508,BR008,2026-06-04 10:00:00,Loans - Payment and Sanctioning,Completed,2026-06-04 09:52:00,2026-06-04 10:11:00,False
APT-1509,BR008,2026-06-04 14:15:00,KYC Related,Completed,2026-06-04 14:05:00,2026-06-04 14:20:00,False
APT-1510,BR008,2026-06-04 15:30:00,Loans - Payment and Sanctioning,Late,2026-06-04 15:58:00,2026-06-04 16:40:00,False
APT-1511,BR008,2026-06-04 11:45:00,Loans - Payment and Sanctioning,Completed,2026-06-04 11:37:00,2026-06-04 12:15:00,False
APT-1512,BR008,2026-06-04 10:00:00,Insurance,Completed,2026-06-04 09:59:00,2026-06-04 10:18:00,False
APT-1513,BR008,2026-06-04 13:15:00,Credit Card,Late,2026-06-04 13:34:00,2026-06-04 13:56:00,False
APT-1514,BR008,2026-06-04 14:00:00,KYC Related,Completed,2026-06-04 14:04:00,2026-06-04 14:30:00,False
APT-1515,BR008,2026-06-04 15:15:00,Credit Card,Completed,2026-06-04 15:18:00,2026-06-04 15:52:00,False
APT-1516,BR008,2026-06-04 15:45:00,Account Opening,Completed,2026-06-04 15:38:00,2026-06-04 15:57:00,False
APT-1517,BR008,2026-06-04 10:45:00,Insurance,Late,2026-06-04 11:10:00,2026-06-04 11:55:00,False
APT-1518,BR008,2026-06-04 11:15:00,Insurance,Completed,2026-06-04 11:12:00,2026-06-04 11:44:00,False
APT-1519,BR008,2026-06-04 14:30:00,Credit Card,Completed,2026-06-04 14:29:00,2026-06-04 14:50:00,False
APT-1520,BR008,2026-06-04 14:15:00,Credit Card,Completed,2026-06-04 14:25:00,2026-06-04 14:41:00,False
APT-1521,BR008,2026-06-04 11:45:00,Locker Issuing,Completed,2026-06-04 11:50:00,2026-06-04 12:25:00,False
APT-1522,BR008,2026-06-04 14:00:00,KYC Related,No-Show,,,True
APT-1523,BR008,2026-06-04 10:30:00,Insurance,Completed,2026-06-04 10:38:00,2026-06-04 11:06:00,False
APT-1524,BR008,2026-06-04 12:15:00,Locker Issuing,Late,2026-06-04 12:54:00,2026-06-04 13:16:00,False
APT-1525,BR008,2026-06-04 10:00:00,Loans - Payment and Sanctioning,Completed,2026-06-04 09:51:00,2026-06-04 10:07:00,False
APT-1526,BR008,2026-06-04 13:30:00,Credit Card,Completed,2026-06-04 13:33:00,2026-06-04 14:01:00,False
APT-1527,BR001,2026-06-05 13:00:00,Credit Card,Completed,2026-06-05 13:09:00,2026-06-05 13:28:00,False
APT-1528,BR001,2026-06-05 12:00:00,Insurance,Completed,2026-06-05 11:56:00,2026-06-05 12:36:00,False
APT-1529,BR001,2026-06-05 11:30:00,Locker Issuing,Completed,2026-06-05 11:40:00,2026-06-05 12:16:00,False
APT-1530,BR001,2026-06-05 15:00:00,Insurance,Completed,2026-06-05 14:57:00,2026-06-05 15:13:00,False
APT-1531,BR001,2026-06-05 11:00:00,Locker Issuing,Completed,2026-06-05 11:09:00,2026-06-05 11:43:00,False
APT-1532,BR001,2026-06-05 10:30:00,Credit Card,Completed,2026-06-05 10:25:00,2026-06-05 10:43:00,False
APT-1533,BR001,2026-06-05 10:15:00,Credit Card,Completed,2026-06-05 10:20:00,2026-06-05 10:46:00,False
APT-1534,BR001,2026-06-05 14:30:00,Account Opening,Completed,2026-06-05 14:28:00,2026-06-05 15:06:00,False
APT-1535,BR001,2026-06-05 10:00:00,Insurance,Cancelled,,,False
APT-1536,BR001,2026-06-05 12:00:00,Insurance,Completed,2026-06-05 12:08:00,2026-06-05 12:43:00,False
APT-1537,BR001,2026-06-05 10:45:00,Locker Issuing,Completed,2026-06-05 10:36:00,2026-06-05 11:06:00,False
APT-1538,BR001,2026-06-05 14:15:00,Insurance,Completed,2026-06-05 14:08:00,2026-06-05 14:41:00,False
APT-1539,BR001,2026-06-05 15:00:00,Account Opening,Completed,2026-06-05 14:50:00,2026-06-05 15:06:00,False
APT-1540,BR001,2026-06-05 10:15:00,Loans - Payment and Sanctioning,Completed,2026-06-05 10:17:00,2026-06-05 10:36:00,False
APT-1541,BR001,2026-06-05 11:00:00,KYC Related,Cancelled,,,False
APT-1542,BR001,2026-06-05 15:45:00,Account Opening,Completed,2026-06-05 15:48:00,2026-06-05 16:26:00,False
APT-1543,BR001,2026-06-05 12:30:00,Loans - Payment and Sanctioning,Completed,2026-06-05 12:23:00,2026-06-05 12:54:00,False
APT-1544,BR001,2026-06-05 15:00:00,Account Opening,Completed,2026-06-05 15:06:00,2026-06-05 15:22:00,False
APT-1545,BR001,2026-06-05 13:00:00,Locker Issuing,No-Show,,,True
APT-1546,BR001,2026-06-05 12:30:00,Loans - Payment and Sanctioning,Completed,2026-06-05 12:20:00,2026-06-05 12:46:00,False
APT-1547,BR001,2026-06-05 11:30:00,KYC Related,Cancelled,,,False
APT-1548,BR001,2026-06-05 15:15:00,Locker Issuing,Completed,2026-06-05 15:20:00,2026-06-05 15:59:00,False
APT-1549,BR001,2026-06-05 11:15:00,Account Opening,Completed,2026-06-05 11:18:00,2026-06-05 11:33:00,False
APT-1550,BR001,2026-06-05 11:30:00,Credit Card,Cancelled,,,False
APT-1551,BR001,2026-06-05 10:30:00,Loans - Payment and Sanctioning,Cancelled,,,False
APT-1552,BR001,2026-06-05 13:30:00,Loans - Payment and Sanctioning,Completed,2026-06-05 13:27:00,2026-06-05 13:55:00,False
APT-1553,BR002,2026-06-05 10:15:00,Credit Card,Completed,2026-06-05 10:06:00,2026-06-05 10:28:00,False
APT-1554,BR002,2026-06-05 14:45:00,Credit Card,No-Show,,,True
APT-1555,BR002,2026-06-05 13:00:00,KYC Related,Completed,2026-06-05 12:54:00,2026-06-05 13:29:00,False
APT-1556,BR002,2026-06-05 13:00:00,KYC Related,Completed,2026-06-05 13:03:00,2026-06-05 13:39:00,False
APT-1557,BR002,2026-06-05 11:15:00,Insurance,Completed,2026-06-05 11:15:00,2026-06-05 11:55:00,False
APT-1558,BR002,2026-06-05 13:30:00,Insurance,Completed,2026-06-05 13:27:00,2026-06-05 13:44:00,False
APT-1559,BR002,2026-06-05 11:15:00,KYC Related,Completed,2026-06-05 11:08:00,2026-06-05 11:28:00,False
APT-1560,BR002,2026-06-05 13:45:00,Insurance,Completed,2026-06-05 13:52:00,2026-06-05 14:18:00,False
APT-1561,BR002,2026-06-05 11:45:00,Insurance,Completed,2026-06-05 11:38:00,2026-06-05 11:55:00,False
APT-1562,BR002,2026-06-05 11:30:00,Credit Card,Completed,2026-06-05 11:21:00,2026-06-05 11:42:00,False
APT-1563,BR002,2026-06-05 12:15:00,Loans - Payment and Sanctioning,Completed,2026-06-05 12:16:00,2026-06-05 12:43:00,False
APT-1564,BR002,2026-06-05 14:00:00,Credit Card,Completed,2026-06-05 13:55:00,2026-06-05 14:10:00,False
APT-1565,BR002,2026-06-05 13:45:00,KYC Related,Completed,2026-06-05 13:42:00,2026-06-05 14:00:00,False
APT-1566,BR002,2026-06-05 13:00:00,Account Opening,Completed,2026-06-05 12:51:00,2026-06-05 13:30:00,False
APT-1567,BR002,2026-06-05 11:15:00,Account Opening,Cancelled,,,False
APT-1568,BR002,2026-06-05 12:00:00,KYC Related,Completed,2026-06-05 11:52:00,2026-06-05 12:07:00,False
APT-1569,BR002,2026-06-05 10:15:00,Credit Card,Completed,2026-06-05 10:09:00,2026-06-05 10:26:00,False
APT-1570,BR002,2026-06-05 12:00:00,Loans - Payment and Sanctioning,No-Show,,,True
APT-1571,BR002,2026-06-05 10:15:00,KYC Related,Completed,2026-06-05 10:17:00,2026-06-05 10:47:00,False
APT-1572,BR002,2026-06-05 10:45:00,Credit Card,Completed,2026-06-05 10:46:00,2026-06-05 11:07:00,False
APT-1573,BR002,2026-06-05 11:30:00,Insurance,Completed,2026-06-05 11:24:00,2026-06-05 11:40:00,False
APT-1574,BR002,2026-06-05 14:15:00,Credit Card,Completed,2026-06-05 14:18:00,2026-06-05 14:50:00,False
APT-1575,BR002,2026-06-05 13:00:00,Loans - Payment and Sanctioning,Completed,2026-06-05 12:54:00,2026-06-05 13:22:00,False
APT-1576,BR002,2026-06-05 11:15:00,Credit Card,Late,2026-06-05 11:47:00,2026-06-05 12:32:00,False
APT-1577,BR003,2026-06-05 13:30:00,Locker Issuing,Completed,2026-06-05 13:35:00,2026-06-05 14:01:00,False
APT-1578,BR003,2026-06-05 14:30:00,Locker Issuing,Completed,2026-06-05 14:20:00,2026-06-05 14:45:00,False
APT-1579,BR003,2026-06-05 14:15:00,Loans - Payment and Sanctioning,No-Show,,,True
APT-1580,BR003,2026-06-05 12:00:00,Locker Issuing,Completed,2026-06-05 12:08:00,2026-06-05 12:30:00,False
APT-1581,BR003,2026-06-05 11:00:00,Account Opening,Completed,2026-06-05 10:58:00,2026-06-05 11:30:00,False
APT-1582,BR003,2026-06-05 15:00:00,Account Opening,Completed,2026-06-05 15:02:00,2026-06-05 15:28:00,False
APT-1583,BR003,2026-06-05 11:15:00,Account Opening,Completed,2026-06-05 11:16:00,2026-06-05 11:49:00,False
APT-1584,BR003,2026-06-05 10:30:00,KYC Related,Completed,2026-06-05 10:38:00,2026-06-05 10:59:00,False
APT-1585,BR003,2026-06-05 13:30:00,Account Opening,Completed,2026-06-05 13:22:00,2026-06-05 13:38:00,False
APT-1586,BR003,2026-06-05 11:15:00,Loans - Payment and Sanctioning,Completed,2026-06-05 11:05:00,2026-06-05 11:30:00,False
APT-1587,BR004,2026-06-05 11:15:00,Insurance,Completed,2026-06-05 11:15:00,2026-06-05 11:31:00,False
APT-1588,BR004,2026-06-05 10:15:00,KYC Related,Completed,2026-06-05 10:09:00,2026-06-05 10:48:00,False
APT-1589,BR004,2026-06-05 10:30:00,Loans - Payment and Sanctioning,Completed,2026-06-05 10:32:00,2026-06-05 11:05:00,False
APT-1590,BR004,2026-06-05 10:30:00,Insurance,Completed,2026-06-05 10:25:00,2026-06-05 11:03:00,False
APT-1591,BR004,2026-06-05 13:45:00,Credit Card,Completed,2026-06-05 13:52:00,2026-06-05 14:29:00,False
APT-1592,BR004,2026-06-05 14:30:00,Account Opening,Completed,2026-06-05 14:25:00,2026-06-05 14:52:00,False
APT-1593,BR004,2026-06-05 12:30:00,Account Opening,Completed,2026-06-05 12:20:00,2026-06-05 12:57:00,False
APT-1594,BR004,2026-06-05 14:45:00,KYC Related,Completed,2026-06-05 14:54:00,2026-06-05 15:19:00,False
APT-1595,BR004,2026-06-05 14:15:00,Credit Card,Completed,2026-06-05 14:20:00,2026-06-05 14:39:00,False
APT-1596,BR004,2026-06-05 12:00:00,Account Opening,Completed,2026-06-05 12:00:00,2026-06-05 12:20:00,False
APT-1597,BR004,2026-06-05 15:00:00,Credit Card,Completed,2026-06-05 15:00:00,2026-06-05 15:29:00,False
APT-1598,BR004,2026-06-05 10:30:00,Account Opening,Completed,2026-06-05 10:22:00,2026-06-05 10:48:00,False
APT-1599,BR004,2026-06-05 12:00:00,Credit Card,Completed,2026-06-05 12:02:00,2026-06-05 12:31:00,False
APT-1600,BR004,2026-06-05 15:45:00,Account Opening,No-Show,,,True
APT-1601,BR004,2026-06-05 13:45:00,Insurance,Completed,2026-06-05 13:38:00,2026-06-05 14:08:00,False
APT-1602,BR004,2026-06-05 14:15:00,Account Opening,Completed,2026-06-05 14:06:00,2026-06-05 14:30:00,False
APT-1603,BR004,2026-06-05 10:30:00,Insurance,Late,2026-06-05 10:47:00,2026-06-05 11:17:00,False
APT-1604,BR005,2026-06-05 13:15:00,Credit Card,Completed,2026-06-05 13:07:00,2026-06-05 13:32:00,False
APT-1605,BR005,2026-06-05 14:45:00,Credit Card,Completed,2026-06-05 14:55:00,2026-06-05 15:15:00,False
APT-1606,BR005,2026-06-05 14:45:00,Account Opening,Completed,2026-06-05 14:45:00,2026-06-05 15:06:00,False
APT-1607,BR005,2026-06-05 11:45:00,Credit Card,Completed,2026-06-05 11:52:00,2026-06-05 12:15:00,False
APT-1608,BR005,2026-06-05 15:30:00,Insurance,Completed,2026-06-05 15:21:00,2026-06-05 15:48:00,False
APT-1609,BR005,2026-06-05 14:45:00,Account Opening,Completed,2026-06-05 14:35:00,2026-06-05 15:03:00,False
APT-1610,BR005,2026-06-05 10:30:00,Credit Card,Completed,2026-06-05 10:35:00,2026-06-05 10:56:00,False
APT-1611,BR005,2026-06-05 10:00:00,Account Opening,Completed,2026-06-05 09:59:00,2026-06-05 10:16:00,False
APT-1612,BR005,2026-06-05 13:00:00,Insurance,Cancelled,,,False
APT-1613,BR005,2026-06-05 13:45:00,Credit Card,Completed,2026-06-05 13:55:00,2026-06-05 14:27:00,False
APT-1614,BR005,2026-06-05 13:15:00,Insurance,No-Show,,,True
APT-1615,BR005,2026-06-05 12:15:00,Locker Issuing,Completed,2026-06-05 12:19:00,2026-06-05 12:48:00,False
APT-1616,BR006,2026-06-05 11:30:00,KYC Related,Completed,2026-06-05 11:23:00,2026-06-05 11:40:00,False
APT-1617,BR006,2026-06-05 15:30:00,KYC Related,Completed,2026-06-05 15:38:00,2026-06-05 16:00:00,False
APT-1618,BR006,2026-06-05 14:00:00,Locker Issuing,Cancelled,,,False
APT-1619,BR006,2026-06-05 13:45:00,KYC Related,No-Show,,,True
APT-1620,BR006,2026-06-05 13:30:00,Loans - Payment and Sanctioning,Completed,2026-06-05 13:21:00,2026-06-05 13:52:00,False
APT-1621,BR006,2026-06-05 14:15:00,Loans - Payment and Sanctioning,No-Show,,,True
APT-1622,BR006,2026-06-05 13:15:00,Account Opening,Late,2026-06-05 13:55:00,2026-06-05 14:21:00,False
APT-1623,BR006,2026-06-05 11:00:00,Locker Issuing,Completed,2026-06-05 11:03:00,2026-06-05 11:24:00,False
APT-1624,BR006,2026-06-05 15:15:00,KYC Related,Completed,2026-06-05 15:07:00,2026-06-05 15:24:00,False
APT-1625,BR007,2026-06-05 14:45:00,KYC Related,Completed,2026-06-05 14:43:00,2026-06-05 15:14:00,False
APT-1626,BR007,2026-06-05 13:00:00,Credit Card,Completed,2026-06-05 13:06:00,2026-06-05 13:46:00,False
APT-1627,BR007,2026-06-05 13:00:00,Locker Issuing,Completed,2026-06-05 13:08:00,2026-06-05 13:41:00,False
APT-1628,BR007,2026-06-05 14:00:00,Loans - Payment and Sanctioning,Completed,2026-06-05 13:53:00,2026-06-05 14:33:00,False
APT-1629,BR007,2026-06-05 12:30:00,Locker Issuing,Completed,2026-06-05 12:40:00,2026-06-05 13:10:00,False
APT-1630,BR007,2026-06-05 14:45:00,Loans - Payment and Sanctioning,Completed,2026-06-05 14:47:00,2026-06-05 15:06:00,False
APT-1631,BR007,2026-06-05 14:45:00,Loans - Payment and Sanctioning,Completed,2026-06-05 14:45:00,2026-06-05 15:22:00,False
APT-1632,BR007,2026-06-05 11:00:00,Credit Card,Completed,2026-06-05 10:58:00,2026-06-05 11:24:00,False
APT-1633,BR007,2026-06-05 10:30:00,Insurance,Completed,2026-06-05 10:35:00,2026-06-05 11:12:00,False
APT-1634,BR007,2026-06-05 15:00:00,Account Opening,Completed,2026-06-05 15:04:00,2026-06-05 15:43:00,False
APT-1635,BR007,2026-06-05 12:30:00,Credit Card,Completed,2026-06-05 12:40:00,2026-06-05 12:57:00,False
APT-1636,BR007,2026-06-05 11:45:00,Account Opening,No-Show,,,True
APT-1637,BR007,2026-06-05 13:45:00,KYC Related,No-Show,,,True
APT-1638,BR007,2026-06-05 10:15:00,Loans - Payment and Sanctioning,Completed,2026-06-05 10:21:00,2026-06-05 10:48:00,False
APT-1639,BR007,2026-06-05 11:00:00,Account Opening,Completed,2026-06-05 10:56:00,2026-06-05 11:12:00,False
APT-1640,BR007,2026-06-05 11:00:00,Locker Issuing,Completed,2026-06-05 11:01:00,2026-06-05 11:38:00,False
APT-1641,BR007,2026-06-05 11:30:00,Insurance,Cancelled,,,False
APT-1642,BR008,2026-06-05 13:00:00,Credit Card,Completed,2026-06-05 13:01:00,2026-06-05 13:31:00,False
APT-1643,BR008,2026-06-05 14:45:00,Account Opening,Late,2026-06-05 15:15:00,2026-06-05 15:53:00,False
APT-1644,BR008,2026-06-05 14:30:00,Insurance,Completed,2026-06-05 14:28:00,2026-06-05 15:06:00,False
APT-1645,BR008,2026-06-05 15:00:00,Insurance,Completed,2026-06-05 14:51:00,2026-06-05 15:11:00,False
APT-1646,BR008,2026-06-05 14:15:00,Account Opening,Completed,2026-06-05 14:11:00,2026-06-05 14:34:00,False
APT-1647,BR008,2026-06-05 15:45:00,KYC Related,Completed,2026-06-05 15:35:00,2026-06-05 16:05:00,False
APT-1648,BR008,2026-06-05 11:15:00,KYC Related,Cancelled,,,False
APT-1649,BR008,2026-06-05 11:30:00,KYC Related,Cancelled,,,False
APT-1650,BR008,2026-06-05 12:30:00,Locker Issuing,No-Show,,,True
APT-1651,BR008,2026-06-05 12:45:00,Insurance,Completed,2026-06-05 12:44:00,2026-06-05 13:20:00,False
APT-1652,BR008,2026-06-05 14:45:00,KYC Related,Completed,2026-06-05 14:51:00,2026-06-05 15:27:00,False
APT-1653,BR008,2026-06-05 12:30:00,Insurance,Completed,2026-06-05 12:35:00,2026-06-05 12:52:00,False
APT-1654,BR008,2026-06-05 12:30:00,Credit Card,Completed,2026-06-05 12:28:00,2026-06-05 12:51:00,False
APT-1655,BR008,2026-06-05 15:30:00,Account Opening,Completed,2026-06-05 15:27:00,2026-06-05 15:43:00,False
APT-1656,BR008,2026-06-05 14:45:00,Credit Card,Completed,2026-06-05 14:39:00,2026-06-05 15:17:00,False
APT-1657,BR008,2026-06-05 10:45:00,Insurance,Completed,2026-06-05 10:48:00,2026-06-05 11:15:00,False
APT-1658,BR008,2026-06-05 13:00:00,KYC Related,Completed,2026-06-05 13:08:00,2026-06-05 13:29:00,False
APT-1659,BR001,2026-06-06 15:15:00,Credit Card,Completed,2026-06-06 15:20:00,2026-06-06 15:56:00,False
APT-1660,BR001,2026-06-06 12:30:00,Account Opening,Cancelled,,,False
APT-1661,BR001,2026-06-06 14:15:00,Insurance,Completed,2026-06-06 14:09:00,2026-06-06 14:47:00,False
APT-1662,BR001,2026-06-06 12:15:00,Credit Card,No-Show,,,True
APT-1663,BR001,2026-06-06 15:00:00,Account Opening,Completed,2026-06-06 14:59:00,2026-06-06 15:27:00,False
APT-1664,BR001,2026-06-06 12:30:00,Insurance,Completed,2026-06-06 12:34:00,2026-06-06 12:52:00,False
APT-1665,BR001,2026-06-06 13:00:00,Credit Card,Completed,2026-06-06 13:09:00,2026-06-06 13:26:00,False
APT-1666,BR001,2026-06-06 13:15:00,KYC Related,Completed,2026-06-06 13:17:00,2026-06-06 13:48:00,False
APT-1667,BR001,2026-06-06 12:45:00,Loans - Payment and Sanctioning,No-Show,,,True
APT-1668,BR001,2026-06-06 11:15:00,Account Opening,Completed,2026-06-06 11:23:00,2026-06-06 11:52:00,False
APT-1669,BR001,2026-06-06 11:30:00,Credit Card,Completed,2026-06-06 11:22:00,2026-06-06 11:52:00,False
APT-1670,BR001,2026-06-06 12:15:00,Insurance,Completed,2026-06-06 12:05:00,2026-06-06 12:34:00,False
APT-1671,BR001,2026-06-06 12:15:00,Account Opening,Completed,2026-06-06 12:10:00,2026-06-06 12:40:00,False
APT-1672,BR001,2026-06-06 10:15:00,KYC Related,Completed,2026-06-06 10:18:00,2026-06-06 10:45:00,False
APT-1673,BR001,2026-06-06 13:45:00,Locker Issuing,Completed,2026-06-06 13:52:00,2026-06-06 14:13:00,False
APT-1674,BR001,2026-06-06 15:30:00,Loans - Payment and Sanctioning,No-Show,,,True
APT-1675,BR001,2026-06-06 14:15:00,Loans - Payment and Sanctioning,Completed,2026-06-06 14:25:00,2026-06-06 15:03:00,False
APT-1676,BR001,2026-06-06 11:15:00,Credit Card,No-Show,,,True
APT-1677,BR002,2026-06-06 11:00:00,Locker Issuing,Completed,2026-06-06 10:59:00,2026-06-06 11:19:00,False
APT-1678,BR002,2026-06-06 10:00:00,Insurance,No-Show,,,True
APT-1679,BR002,2026-06-06 13:30:00,Locker Issuing,No-Show,,,True
APT-1680,BR002,2026-06-06 11:30:00,Locker Issuing,Completed,2026-06-06 11:26:00,2026-06-06 11:46:00,False
APT-1681,BR002,2026-06-06 13:00:00,Account Opening,Completed,2026-06-06 12:54:00,2026-06-06 13:15:00,False
APT-1682,BR002,2026-06-06 15:00:00,KYC Related,Completed,2026-06-06 14:53:00,2026-06-06 15:19:00,False
APT-1683,BR002,2026-06-06 15:00:00,Locker Issuing,No-Show,,,True
APT-1684,BR002,2026-06-06 12:00:00,KYC Related,Late,2026-06-06 12:36:00,2026-06-06 12:59:00,False
APT-1685,BR002,2026-06-06 15:00:00,Loans - Payment and Sanctioning,Completed,2026-06-06 15:03:00,2026-06-06 15:32:00,False
APT-1686,BR002,2026-06-06 13:00:00,KYC Related,Completed,2026-06-06 12:54:00,2026-06-06 13:15:00,False
APT-1687,BR002,2026-06-06 15:00:00,Insurance,Completed,2026-06-06 14:53:00,2026-06-06 15:29:00,False
APT-1688,BR002,2026-06-06 14:30:00,KYC Related,Completed,2026-06-06 14:24:00,2026-06-06 14:52:00,False
APT-1689,BR002,2026-06-06 10:00:00,Insurance,Completed,2026-06-06 09:53:00,2026-06-06 10:23:00,False
APT-1690,BR002,2026-06-06 11:15:00,Insurance,Cancelled,,,False
APT-1691,BR002,2026-06-06 11:30:00,Credit Card,Completed,2026-06-06 11:25:00,2026-06-06 11:41:00,False
APT-1692,BR002,2026-06-06 14:45:00,Account Opening,Completed,2026-06-06 14:50:00,2026-06-06 15:15:00,False
APT-1693,BR002,2026-06-06 11:00:00,Loans - Payment and Sanctioning,Completed,2026-06-06 10:53:00,2026-06-06 11:26:00,False
APT-1694,BR002,2026-06-06 15:45:00,Account Opening,No-Show,,,True
APT-1695,BR002,2026-06-06 14:00:00,Credit Card,Completed,2026-06-06 13:58:00,2026-06-06 14:33:00,False
APT-1696,BR003,2026-06-06 13:30:00,Insurance,Completed,2026-06-06 13:23:00,2026-06-06 13:43:00,False
APT-1697,BR003,2026-06-06 10:30:00,Insurance,Cancelled,,,False
APT-1698,BR003,2026-06-06 12:45:00,Credit Card,Completed,2026-06-06 12:36:00,2026-06-06 12:51:00,False
APT-1699,BR003,2026-06-06 11:15:00,Insurance,Completed,2026-06-06 11:19:00,2026-06-06 11:53:00,False
APT-1700,BR003,2026-06-06 12:00:00,Insurance,Cancelled,,,False
APT-1701,BR003,2026-06-06 11:00:00,Locker Issuing,Completed,2026-06-06 11:04:00,2026-06-06 11:27:00,False
APT-1702,BR003,2026-06-06 13:45:00,Locker Issuing,Completed,2026-06-06 13:40:00,2026-06-06 13:58:00,False
APT-1703,BR003,2026-06-06 11:00:00,Account Opening,Completed,2026-06-06 11:08:00,2026-06-06 11:38:00,False
APT-1704,BR003,2026-06-06 14:45:00,Account Opening,Completed,2026-06-06 14:46:00,2026-06-06 15:20:00,False
APT-1705,BR003,2026-06-06 10:15:00,Locker Issuing,No-Show,,,True
APT-1706,BR003,2026-06-06 10:45:00,Locker Issuing,Completed,2026-06-06 10:43:00,2026-06-06 11:18:00,False
APT-1707,BR003,2026-06-06 12:00:00,Credit Card,No-Show,,,True
APT-1708,BR003,2026-06-06 14:15:00,Credit Card,No-Show,,,True
APT-1709,BR003,2026-06-06 14:00:00,Locker Issuing,Completed,2026-06-06 13:57:00,2026-06-06 14:27:00,False
APT-1710,BR004,2026-06-06 15:45:00,Account Opening,Cancelled,,,False
APT-1711,BR004,2026-06-06 14:00:00,Loans - Payment and Sanctioning,Completed,2026-06-06 13:55:00,2026-06-06 14:26:00,False
APT-1712,BR004,2026-06-06 13:45:00,Account Opening,Completed,2026-06-06 13:50:00,2026-06-06 14:15:00,False
APT-1713,BR004,2026-06-06 11:30:00,Insurance,Completed,2026-06-06 11:27:00,2026-06-06 11:59:00,False
APT-1714,BR004,2026-06-06 15:45:00,Locker Issuing,Cancelled,,,False
APT-1715,BR004,2026-06-06 10:45:00,Locker Issuing,Cancelled,,,False
APT-1716,BR004,2026-06-06 13:00:00,Locker Issuing,Completed,2026-06-06 12:53:00,2026-06-06 13:23:00,False
APT-1717,BR004,2026-06-06 15:00:00,Loans - Payment and Sanctioning,Completed,2026-06-06 14:51:00,2026-06-06 15:23:00,False
APT-1718,BR004,2026-06-06 14:00:00,Loans - Payment and Sanctioning,Cancelled,,,False
APT-1719,BR004,2026-06-06 14:30:00,KYC Related,Completed,2026-06-06 14:40:00,2026-06-06 15:16:00,False
APT-1720,BR004,2026-06-06 13:30:00,Insurance,Cancelled,,,False
APT-1721,BR004,2026-06-06 11:45:00,Insurance,Completed,2026-06-06 11:54:00,2026-06-06 12:28:00,False
APT-1722,BR004,2026-06-06 13:30:00,Credit Card,Completed,2026-06-06 13:23:00,2026-06-06 14:02:00,False
APT-1723,BR005,2026-06-06 11:00:00,Insurance,Completed,2026-06-06 11:10:00,2026-06-06 11:50:00,False
APT-1724,BR005,2026-06-06 12:30:00,Credit Card,Completed,2026-06-06 12:25:00,2026-06-06 12:55:00,False
APT-1725,BR005,2026-06-06 11:45:00,Loans - Payment and Sanctioning,Completed,2026-06-06 11:41:00,2026-06-06 12:02:00,False
APT-1726,BR005,2026-06-06 10:45:00,Account Opening,Completed,2026-06-06 10:41:00,2026-06-06 11:18:00,False
APT-1727,BR005,2026-06-06 12:00:00,Locker Issuing,Completed,2026-06-06 12:10:00,2026-06-06 12:46:00,False
APT-1728,BR005,2026-06-06 14:00:00,Locker Issuing,Completed,2026-06-06 14:08:00,2026-06-06 14:39:00,False
APT-1729,BR005,2026-06-06 11:45:00,Loans - Payment and Sanctioning,Completed,2026-06-06 11:36:00,2026-06-06 12:08:00,False
APT-1730,BR005,2026-06-06 13:45:00,KYC Related,Cancelled,,,False
APT-1731,BR005,2026-06-06 11:15:00,Credit Card,Cancelled,,,False
APT-1732,BR005,2026-06-06 10:45:00,Credit Card,Completed,2026-06-06 10:45:00,2026-06-06 11:16:00,False
APT-1733,BR005,2026-06-06 13:45:00,KYC Related,No-Show,,,True
APT-1734,BR005,2026-06-06 11:30:00,Locker Issuing,Late,2026-06-06 11:54:00,2026-06-06 12:28:00,False
APT-1735,BR005,2026-06-06 11:15:00,Locker Issuing,Completed,2026-06-06 11:21:00,2026-06-06 11:45:00,False
APT-1736,BR005,2026-06-06 15:30:00,Credit Card,Completed,2026-06-06 15:37:00,2026-06-06 16:12:00,False
APT-1737,BR005,2026-06-06 11:15:00,Account Opening,Completed,2026-06-06 11:14:00,2026-06-06 11:50:00,False
APT-1738,BR005,2026-06-06 12:15:00,Credit Card,Completed,2026-06-06 12:10:00,2026-06-06 12:41:00,False
APT-1739,BR005,2026-06-06 14:30:00,Credit Card,Completed,2026-06-06 14:31:00,2026-06-06 15:03:00,False
APT-1740,BR005,2026-06-06 13:45:00,Credit Card,Completed,2026-06-06 13:52:00,2026-06-06 14:16:00,False
APT-1741,BR005,2026-06-06 13:00:00,KYC Related,Completed,2026-06-06 13:02:00,2026-06-06 13:21:00,False
APT-1742,BR005,2026-06-06 10:00:00,Account Opening,Completed,2026-06-06 09:55:00,2026-06-06 10:19:00,False
APT-1743,BR005,2026-06-06 15:30:00,Account Opening,Cancelled,,,False
APT-1744,BR006,2026-06-06 12:15:00,KYC Related,Completed,2026-06-06 12:19:00,2026-06-06 12:37:00,False
APT-1745,BR006,2026-06-06 14:15:00,Credit Card,Completed,2026-06-06 14:17:00,2026-06-06 14:39:00,False
APT-1746,BR006,2026-06-06 14:30:00,Credit Card,Completed,2026-06-06 14:32:00,2026-06-06 14:59:00,False
APT-1747,BR006,2026-06-06 13:30:00,KYC Related,Completed,2026-06-06 13:28:00,2026-06-06 13:49:00,False
APT-1748,BR006,2026-06-06 14:45:00,Account Opening,No-Show,,,True
APT-1749,BR006,2026-06-06 15:30:00,KYC Related,Completed,2026-06-06 15:39:00,2026-06-06 16:00:00,False
APT-1750,BR006,2026-06-06 15:15:00,Insurance,Completed,2026-06-06 15:07:00,2026-06-06 15:27:00,False
APT-1751,BR006,2026-06-06 11:00:00,Locker Issuing,Completed,2026-06-06 10:58:00,2026-06-06 11:30:00,False
APT-1752,BR006,2026-06-06 12:15:00,Account Opening,Completed,2026-06-06 12:13:00,2026-06-06 12:28:00,False
APT-1753,BR006,2026-06-06 12:45:00,Credit Card,No-Show,,,True
APT-1754,BR006,2026-06-06 10:15:00,Insurance,Completed,2026-06-06 10:25:00,2026-06-06 10:59:00,False
APT-1755,BR006,2026-06-06 15:30:00,Locker Issuing,Cancelled,,,False
APT-1756,BR006,2026-06-06 14:30:00,Loans - Payment and Sanctioning,Cancelled,,,False
APT-1757,BR006,2026-06-06 12:15:00,Account Opening,Completed,2026-06-06 12:21:00,2026-06-06 12:41:00,False
APT-1758,BR006,2026-06-06 13:45:00,Loans - Payment and Sanctioning,Completed,2026-06-06 13:41:00,2026-06-06 14:17:00,False
APT-1759,BR007,2026-06-06 12:30:00,Insurance,Completed,2026-06-06 12:39:00,2026-06-06 13:10:00,False
APT-1760,BR007,2026-06-06 13:00:00,Loans - Payment and Sanctioning,Completed,2026-06-06 13:04:00,2026-06-06 13:26:00,False
APT-1761,BR007,2026-06-06 15:15:00,Loans - Payment and Sanctioning,Completed,2026-06-06 15:15:00,2026-06-06 15:42:00,False
APT-1762,BR007,2026-06-06 10:45:00,Insurance,Completed,2026-06-06 10:44:00,2026-06-06 10:59:00,False
APT-1763,BR007,2026-06-06 14:30:00,KYC Related,Cancelled,,,False
APT-1764,BR007,2026-06-06 13:45:00,Loans - Payment and Sanctioning,Completed,2026-06-06 13:55:00,2026-06-06 14:16:00,False
APT-1765,BR007,2026-06-06 12:00:00,Loans - Payment and Sanctioning,Completed,2026-06-06 12:07:00,2026-06-06 12:39:00,False
APT-1766,BR007,2026-06-06 10:00:00,Account Opening,Completed,2026-06-06 09:56:00,2026-06-06 10:32:00,False
APT-1767,BR007,2026-06-06 13:00:00,Account Opening,Completed,2026-06-06 13:03:00,2026-06-06 13:38:00,False
APT-1768,BR007,2026-06-06 10:15:00,Loans - Payment and Sanctioning,Completed,2026-06-06 10:15:00,2026-06-06 10:31:00,False
APT-1769,BR007,2026-06-06 10:00:00,Loans - Payment and Sanctioning,Completed,2026-06-06 09:58:00,2026-06-06 10:30:00,False
APT-1770,BR007,2026-06-06 10:15:00,Insurance,Completed,2026-06-06 10:19:00,2026-06-06 10:54:00,False
APT-1771,BR007,2026-06-06 13:45:00,Insurance,Completed,2026-06-06 13:38:00,2026-06-06 14:10:00,False
APT-1772,BR007,2026-06-06 10:00:00,Credit Card,Completed,2026-06-06 09:52:00,2026-06-06 10:18:00,False
APT-1773,BR007,2026-06-06 14:00:00,Insurance,Cancelled,,,False
APT-1774,BR007,2026-06-06 12:00:00,Insurance,Cancelled,,,False
APT-1775,BR008,2026-06-06 13:45:00,Credit Card,Completed,2026-06-06 13:40:00,2026-06-06 14:12:00,False
APT-1776,BR008,2026-06-06 11:15:00,Credit Card,Completed,2026-06-06 11:22:00,2026-06-06 11:46:00,False
APT-1777,BR008,2026-06-06 15:15:00,Insurance,Completed,2026-06-06 15:25:00,2026-06-06 15:51:00,False
APT-1778,BR008,2026-06-06 10:15:00,Loans - Payment and Sanctioning,Completed,2026-06-06 10:23:00,2026-06-06 10:57:00,False
APT-1779,BR008,2026-06-06 13:00:00,Insurance,Completed,2026-06-06 13:01:00,2026-06-06 13:22:00,False
APT-1780,BR008,2026-06-06 13:15:00,Account Opening,Completed,2026-06-06 13:24:00,2026-06-06 13:47:00,False
APT-1781,BR008,2026-06-06 11:00:00,Account Opening,Completed,2026-06-06 11:08:00,2026-06-06 11:24:00,False
APT-1782,BR008,2026-06-06 14:45:00,Credit Card,Completed,2026-06-06 14:44:00,2026-06-06 15:20:00,False
APT-1783,BR008,2026-06-06 10:30:00,Loans - Payment and Sanctioning,Completed,2026-06-06 10:38:00,2026-06-06 11:08:00,False
APT-1784,BR008,2026-06-06 12:30:00,Account Opening,Completed,2026-06-06 12:27:00,2026-06-06 12:45:00,False
APT-1785,BR008,2026-06-06 12:00:00,Account Opening,Completed,2026-06-06 12:04:00,2026-06-06 12:29:00,False
APT-1786,BR008,2026-06-06 14:30:00,Credit Card,Completed,2026-06-06 14:38:00,2026-06-06 15:11:00,False
APT-1787,BR008,2026-06-06 12:30:00,Locker Issuing,Completed,2026-06-06 12:30:00,2026-06-06 12:52:00,False
APT-1788,BR008,2026-06-06 11:45:00,Insurance,Cancelled,,,False
APT-1789,BR008,2026-06-06 11:30:00,Locker Issuing,Completed,2026-06-06 11:31:00,2026-06-06 12:10:00,False
APT-1790,BR008,2026-06-06 12:45:00,KYC Related,Completed,2026-06-06 12:55:00,2026-06-06 13:29:00,False
APT-1791,BR001,2026-06-08 12:15:00,KYC Related,Completed,2026-06-08 12:25:00,2026-06-08 12:42:00,False
APT-1792,BR001,2026-06-08 15:00:00,Loans - Payment and Sanctioning,Cancelled,,,False
APT-1793,BR001,2026-06-08 15:00:00,KYC Related,Completed,2026-06-08 15:08:00,2026-06-08 15:29:00,False
APT-1794,BR001,2026-06-08 10:30:00,KYC Related,No-Show,,,True
APT-1795,BR001,2026-06-08 14:45:00,Credit Card,Cancelled,,,False
APT-1796,BR001,2026-06-08 12:45:00,Account Opening,No-Show,,,True
APT-1797,BR001,2026-06-08 14:30:00,Account Opening,Completed,2026-06-08 14:36:00,2026-06-08 14:53:00,False
APT-1798,BR001,2026-06-08 13:30:00,KYC Related,Completed,2026-06-08 13:27:00,2026-06-08 14:07:00,False
APT-1799,BR001,2026-06-08 14:15:00,KYC Related,Completed,2026-06-08 14:10:00,2026-06-08 14:30:00,False
APT-1800,BR001,2026-06-08 14:15:00,Credit Card,Completed,2026-06-08 14:16:00,2026-06-08 14:32:00,False
APT-1801,BR001,2026-06-08 11:45:00,Account Opening,Completed,2026-06-08 11:46:00,2026-06-08 12:08:00,False
APT-1802,BR001,2026-06-08 10:15:00,KYC Related,No-Show,,,True
APT-1803,BR002,2026-06-08 13:45:00,Locker Issuing,No-Show,,,True
APT-1804,BR002,2026-06-08 10:30:00,Loans - Payment and Sanctioning,Completed,2026-06-08 10:36:00,2026-06-08 11:11:00,False
APT-1805,BR002,2026-06-08 12:30:00,KYC Related,Completed,2026-06-08 12:25:00,2026-06-08 12:52:00,False
APT-1806,BR002,2026-06-08 15:45:00,Insurance,Completed,2026-06-08 15:37:00,2026-06-08 16:08:00,False
APT-1807,BR002,2026-06-08 12:45:00,Account Opening,Completed,2026-06-08 12:46:00,2026-06-08 13:12:00,False
APT-1808,BR002,2026-06-08 13:45:00,KYC Related,Completed,2026-06-08 13:39:00,2026-06-08 14:08:00,False
APT-1809,BR002,2026-06-08 11:15:00,Loans - Payment and Sanctioning,Completed,2026-06-08 11:13:00,2026-06-08 11:34:00,False
APT-1810,BR002,2026-06-08 11:15:00,Account Opening,Completed,2026-06-08 11:08:00,2026-06-08 11:44:00,False
APT-1811,BR002,2026-06-08 11:45:00,Insurance,Completed,2026-06-08 11:50:00,2026-06-08 12:26:00,False
APT-1812,BR002,2026-06-08 13:45:00,Account Opening,Completed,2026-06-08 13:55:00,2026-06-08 14:23:00,False
APT-1813,BR002,2026-06-08 10:15:00,Loans - Payment and Sanctioning,Completed,2026-06-08 10:23:00,2026-06-08 10:43:00,False
APT-1814,BR002,2026-06-08 11:00:00,KYC Related,Completed,2026-06-08 10:55:00,2026-06-08 11:18:00,False
APT-1815,BR002,2026-06-08 11:45:00,KYC Related,Late,2026-06-08 12:20:00,2026-06-08 12:40:00,False
APT-1816,BR002,2026-06-08 15:30:00,Loans - Payment and Sanctioning,Completed,2026-06-08 15:39:00,2026-06-08 16:09:00,False
APT-1817,BR002,2026-06-08 13:15:00,Account Opening,Cancelled,,,False
APT-1818,BR002,2026-06-08 14:15:00,KYC Related,Cancelled,,,False
APT-1819,BR002,2026-06-08 11:30:00,Account Opening,Completed,2026-06-08 11:30:00,2026-06-08 11:59:00,False
APT-1820,BR002,2026-06-08 14:00:00,Account Opening,Completed,2026-06-08 13:54:00,2026-06-08 14:12:00,False
APT-1821,BR002,2026-06-08 10:15:00,KYC Related,No-Show,,,True
APT-1822,BR002,2026-06-08 14:45:00,Account Opening,Completed,2026-06-08 14:40:00,2026-06-08 15:10:00,False
APT-1823,BR003,2026-06-08 14:00:00,KYC Related,Completed,2026-06-08 13:53:00,2026-06-08 14:10:00,False
APT-1824,BR003,2026-06-08 13:15:00,KYC Related,Completed,2026-06-08 13:05:00,2026-06-08 13:44:00,False
APT-1825,BR003,2026-06-08 15:45:00,KYC Related,Completed,2026-06-08 15:36:00,2026-06-08 16:13:00,False
APT-1826,BR003,2026-06-08 14:45:00,Account Opening,No-Show,,,True
APT-1827,BR003,2026-06-08 13:45:00,Insurance,Completed,2026-06-08 13:53:00,2026-06-08 14:11:00,False
APT-1828,BR003,2026-06-08 13:15:00,Insurance,Completed,2026-06-08 13:12:00,2026-06-08 13:29:00,False
APT-1829,BR003,2026-06-08 12:45:00,Insurance,Completed,2026-06-08 12:35:00,2026-06-08 13:08:00,False
APT-1830,BR003,2026-06-08 14:00:00,KYC Related,Completed,2026-06-08 14:10:00,2026-06-08 14:31:00,False
APT-1831,BR003,2026-06-08 15:30:00,Locker Issuing,Completed,2026-06-08 15:24:00,2026-06-08 15:52:00,False
APT-1832,BR003,2026-06-08 15:30:00,Insurance,No-Show,,,True
APT-1833,BR003,2026-06-08 13:30:00,KYC Related,Completed,2026-06-08 13:32:00,2026-06-08 14:11:00,False
APT-1834,BR003,2026-06-08 11:45:00,KYC Related,Cancelled,,,False
APT-1835,BR003,2026-06-08 13:15:00,Insurance,Completed,2026-06-08 13:20:00,2026-06-08 13:43:00,False
APT-1836,BR003,2026-06-08 12:30:00,Credit Card,Completed,2026-06-08 12:24:00,2026-06-08 13:00:00,False
APT-1837,BR003,2026-06-08 10:15:00,Locker Issuing,Cancelled,,,False
APT-1838,BR003,2026-06-08 11:00:00,Account Opening,Completed,2026-06-08 11:00:00,2026-06-08 11:40:00,False
APT-1839,BR003,2026-06-08 14:00:00,Account Opening,Completed,2026-06-08 14:10:00,2026-06-08 14:25:00,False
APT-1840,BR003,2026-06-08 10:15:00,Locker Issuing,No-Show,,,True
APT-1841,BR003,2026-06-08 13:00:00,Loans - Payment and Sanctioning,Completed,2026-06-08 13:01:00,2026-06-08 13:18:00,False
APT-1842,BR003,2026-06-08 14:00:00,Credit Card,Completed,2026-06-08 14:02:00,2026-06-08 14:36:00,False
APT-1843,BR003,2026-06-08 15:30:00,Credit Card,Late,2026-06-08 15:46:00,2026-06-08 16:36:00,False
APT-1844,BR003,2026-06-08 11:45:00,Locker Issuing,Completed,2026-06-08 11:51:00,2026-06-08 12:15:00,False
APT-1845,BR004,2026-06-08 10:15:00,KYC Related,Completed,2026-06-08 10:06:00,2026-06-08 10:32:00,False
APT-1846,BR004,2026-06-08 11:00:00,Account Opening,Completed,2026-06-08 10:58:00,2026-06-08 11:37:00,False
APT-1847,BR004,2026-06-08 13:30:00,Credit Card,Completed,2026-06-08 13:38:00,2026-06-08 13:59:00,False
APT-1848,BR004,2026-06-08 14:00:00,Credit Card,Completed,2026-06-08 13:52:00,2026-06-08 14:24:00,False
APT-1849,BR004,2026-06-08 12:30:00,Insurance,Late,2026-06-08 12:53:00,2026-06-08 13:20:00,False
APT-1850,BR004,2026-06-08 14:15:00,Locker Issuing,No-Show,,,True
APT-1851,BR004,2026-06-08 14:00:00,Insurance,Completed,2026-06-08 14:06:00,2026-06-08 14:24:00,False
APT-1852,BR004,2026-06-08 14:00:00,KYC Related,Completed,2026-06-08 13:53:00,2026-06-08 14:33:00,False
APT-1853,BR004,2026-06-08 14:30:00,KYC Related,Cancelled,,,False
APT-1854,BR004,2026-06-08 14:30:00,Credit Card,Completed,2026-06-08 14:32:00,2026-06-08 15:05:00,False
APT-1855,BR004,2026-06-08 13:15:00,Insurance,Late,2026-06-08 13:44:00,2026-06-08 14:25:00,False
APT-1856,BR005,2026-06-08 14:00:00,Locker Issuing,Completed,2026-06-08 13:52:00,2026-06-08 14:19:00,False
APT-1857,BR005,2026-06-08 15:15:00,Credit Card,Completed,2026-06-08 15:15:00,2026-06-08 15:43:00,False
APT-1858,BR005,2026-06-08 12:00:00,Credit Card,Cancelled,,,False
APT-1859,BR005,2026-06-08 11:30:00,Loans - Payment and Sanctioning,Completed,2026-06-08 11:30:00,2026-06-08 11:47:00,False
APT-1860,BR005,2026-06-08 14:15:00,Locker Issuing,Completed,2026-06-08 14:11:00,2026-06-08 14:44:00,False
APT-1861,BR005,2026-06-08 12:15:00,Credit Card,Completed,2026-06-08 12:11:00,2026-06-08 12:41:00,False
APT-1862,BR005,2026-06-08 15:15:00,Account Opening,Completed,2026-06-08 15:13:00,2026-06-08 15:34:00,False
APT-1863,BR005,2026-06-08 11:15:00,Account Opening,Cancelled,,,False
APT-1864,BR005,2026-06-08 12:15:00,Loans - Payment and Sanctioning,Completed,2026-06-08 12:07:00,2026-06-08 12:43:00,False
APT-1865,BR005,2026-06-08 15:45:00,KYC Related,Completed,2026-06-08 15:52:00,2026-06-08 16:08:00,False
APT-1866,BR005,2026-06-08 13:30:00,KYC Related,Completed,2026-06-08 13:38:00,2026-06-08 14:01:00,False
APT-1867,BR005,2026-06-08 13:15:00,KYC Related,Completed,2026-06-08 13:12:00,2026-06-08 13:51:00,False
APT-1868,BR005,2026-06-08 14:15:00,Loans - Payment and Sanctioning,Completed,2026-06-08 14:18:00,2026-06-08 14:48:00,False
APT-1869,BR005,2026-06-08 14:00:00,KYC Related,Completed,2026-06-08 13:55:00,2026-06-08 14:24:00,False
APT-1870,BR005,2026-06-08 10:45:00,Insurance,Completed,2026-06-08 10:35:00,2026-06-08 11:11:00,False
APT-1871,BR005,2026-06-08 11:45:00,KYC Related,Completed,2026-06-08 11:46:00,2026-06-08 12:20:00,False
APT-1872,BR005,2026-06-08 12:15:00,KYC Related,Completed,2026-06-08 12:13:00,2026-06-08 12:43:00,False
APT-1873,BR005,2026-06-08 14:30:00,Insurance,Completed,2026-06-08 14:33:00,2026-06-08 14:54:00,False
APT-1874,BR006,2026-06-08 15:30:00,Insurance,No-Show,,,True
APT-1875,BR006,2026-06-08 12:45:00,Account Opening,Completed,2026-06-08 12:53:00,2026-06-08 13:29:00,False
APT-1876,BR006,2026-06-08 11:00:00,Credit Card,Completed,2026-06-08 10:57:00,2026-06-08 11:29:00,False
APT-1877,BR006,2026-06-08 13:45:00,Account Opening,Completed,2026-06-08 13:39:00,2026-06-08 14:09:00,False
APT-1878,BR006,2026-06-08 10:15:00,Locker Issuing,Completed,2026-06-08 10:25:00,2026-06-08 10:56:00,False
APT-1879,BR006,2026-06-08 14:30:00,Locker Issuing,Completed,2026-06-08 14:37:00,2026-06-08 15:10:00,False
APT-1880,BR006,2026-06-08 10:45:00,Loans - Payment and Sanctioning,Completed,2026-06-08 10:36:00,2026-06-08 10:57:00,False
APT-1881,BR006,2026-06-08 12:45:00,Credit Card,Completed,2026-06-08 12:45:00,2026-06-08 13:08:00,False
APT-1882,BR006,2026-06-08 12:30:00,KYC Related,Completed,2026-06-08 12:28:00,2026-06-08 12:54:00,False
APT-1883,BR006,2026-06-08 10:45:00,Loans - Payment and Sanctioning,Completed,2026-06-08 10:54:00,2026-06-08 11:15:00,False
APT-1884,BR006,2026-06-08 14:15:00,Insurance,Completed,2026-06-08 14:21:00,2026-06-08 14:51:00,False
APT-1885,BR007,2026-06-08 15:45:00,Loans - Payment and Sanctioning,Completed,2026-06-08 15:44:00,2026-06-08 16:13:00,False
APT-1886,BR007,2026-06-08 15:15:00,Account Opening,Completed,2026-06-08 15:15:00,2026-06-08 15:43:00,False
APT-1887,BR007,2026-06-08 15:45:00,Loans - Payment and Sanctioning,Completed,2026-06-08 15:45:00,2026-06-08 16:07:00,False
APT-1888,BR007,2026-06-08 12:30:00,Credit Card,Completed,2026-06-08 12:28:00,2026-06-08 13:02:00,False
APT-1889,BR007,2026-06-08 15:45:00,Insurance,No-Show,,,True
APT-1890,BR007,2026-06-08 12:45:00,Locker Issuing,Completed,2026-06-08 12:35:00,2026-06-08 12:54:00,False
APT-1891,BR007,2026-06-08 15:15:00,Credit Card,Completed,2026-06-08 15:07:00,2026-06-08 15:28:00,False
APT-1892,BR007,2026-06-08 11:45:00,Loans - Payment and Sanctioning,Completed,2026-06-08 11:50:00,2026-06-08 12:22:00,False
APT-1893,BR007,2026-06-08 10:00:00,Locker Issuing,Completed,2026-06-08 09:52:00,2026-06-08 10:10:00,False
APT-1894,BR007,2026-06-08 12:15:00,Loans - Payment and Sanctioning,Completed,2026-06-08 12:17:00,2026-06-08 12:41:00,False
APT-1895,BR007,2026-06-08 11:15:00,Credit Card,Completed,2026-06-08 11:25:00,2026-06-08 11:44:00,False
APT-1896,BR007,2026-06-08 11:15:00,Loans - Payment and Sanctioning,Completed,2026-06-08 11:16:00,2026-06-08 11:41:00,False
APT-1897,BR007,2026-06-08 13:45:00,KYC Related,No-Show,,,True
APT-1898,BR007,2026-06-08 14:45:00,Account Opening,Late,2026-06-08 15:22:00,2026-06-08 15:59:00,False
APT-1899,BR007,2026-06-08 11:45:00,Credit Card,Completed,2026-06-08 11:53:00,2026-06-08 12:21:00,False
APT-1900,BR007,2026-06-08 14:30:00,Insurance,Completed,2026-06-08 14:27:00,2026-06-08 15:07:00,False
APT-1901,BR007,2026-06-08 10:45:00,Insurance,Completed,2026-06-08 10:43:00,2026-06-08 11:02:00,False
APT-1902,BR007,2026-06-08 12:00:00,Loans - Payment and Sanctioning,Completed,2026-06-08 11:54:00,2026-06-08 12:20:00,False
APT-1903,BR007,2026-06-08 12:45:00,KYC Related,Completed,2026-06-08 12:50:00,2026-06-08 13:29:00,False
APT-1904,BR007,2026-06-08 13:30:00,Loans - Payment and Sanctioning,Cancelled,,,False
APT-1905,BR007,2026-06-08 12:15:00,Loans - Payment and Sanctioning,Completed,2026-06-08 12:11:00,2026-06-08 12:39:00,False
APT-1906,BR007,2026-06-08 14:45:00,Locker Issuing,Completed,2026-06-08 14:55:00,2026-06-08 15:22:00,False
APT-1907,BR007,2026-06-08 13:15:00,Insurance,Completed,2026-06-08 13:25:00,2026-06-08 13:47:00,False
APT-1908,BR007,2026-06-08 14:30:00,Insurance,Completed,2026-06-08 14:37:00,2026-06-08 15:17:00,False
APT-1909,BR007,2026-06-08 12:45:00,Account Opening,No-Show,,,True
APT-1910,BR008,2026-06-08 11:30:00,Loans - Payment and Sanctioning,Completed,2026-06-08 11:39:00,2026-06-08 12:08:00,False
APT-1911,BR008,2026-06-08 12:45:00,Account Opening,Completed,2026-06-08 12:39:00,2026-06-08 12:55:00,False
APT-1912,BR008,2026-06-08 14:00:00,Account Opening,Late,2026-06-08 14:24:00,2026-06-08 14:52:00,False
APT-1913,BR008,2026-06-08 11:45:00,Credit Card,Completed,2026-06-08 11:37:00,2026-06-08 11:56:00,False
APT-1914,BR008,2026-06-08 10:45:00,Account Opening,Completed,2026-06-08 10:44:00,2026-06-08 11:24:00,False
APT-1915,BR008,2026-06-08 13:30:00,Locker Issuing,Completed,2026-06-08 13:21:00,2026-06-08 13:46:00,False
APT-1916,BR008,2026-06-08 10:15:00,Loans - Payment and Sanctioning,Completed,2026-06-08 10:17:00,2026-06-08 10:34:00,False
APT-1917,BR008,2026-06-08 14:45:00,Account Opening,Completed,2026-06-08 14:43:00,2026-06-08 15:10:00,False
APT-1918,BR008,2026-06-08 10:00:00,Credit Card,Completed,2026-06-08 10:04:00,2026-06-08 10:26:00,False
APT-1919,BR008,2026-06-08 15:00:00,Account Opening,Completed,2026-06-08 14:53:00,2026-06-08 15:24:00,False
APT-1920,BR008,2026-06-08 15:15:00,Locker Issuing,Completed,2026-06-08 15:14:00,2026-06-08 15:39:00,False
APT-1921,BR001,2026-06-09 15:00:00,Credit Card,No-Show,,,True
APT-1922,BR001,2026-06-09 14:00:00,Insurance,Completed,2026-06-09 13:59:00,2026-06-09 14:20:00,False
APT-1923,BR001,2026-06-09 12:00:00,Credit Card,Completed,2026-06-09 11:53:00,2026-06-09 12:15:00,False
APT-1924,BR001,2026-06-09 15:45:00,Insurance,Completed,2026-06-09 15:43:00,2026-06-09 16:16:00,False
APT-1925,BR001,2026-06-09 10:45:00,Account Opening,Completed,2026-06-09 10:36:00,2026-06-09 11:09:00,False
APT-1926,BR001,2026-06-09 15:45:00,Credit Card,Completed,2026-06-09 15:46:00,2026-06-09 16:25:00,False
APT-1927,BR001,2026-06-09 10:15:00,Account Opening,Completed,2026-06-09 10:24:00,2026-06-09 10:49:00,False
APT-1928,BR001,2026-06-09 15:00:00,Loans - Payment and Sanctioning,Completed,2026-06-09 14:54:00,2026-06-09 15:31:00,False
APT-1929,BR001,2026-06-09 14:00:00,Account Opening,Completed,2026-06-09 14:00:00,2026-06-09 14:32:00,False
APT-1930,BR001,2026-06-09 15:30:00,Locker Issuing,Completed,2026-06-09 15:20:00,2026-06-09 15:57:00,False
APT-1931,BR001,2026-06-09 13:30:00,Credit Card,Completed,2026-06-09 13:21:00,2026-06-09 13:51:00,False
APT-1932,BR001,2026-06-09 15:45:00,KYC Related,Completed,2026-06-09 15:50:00,2026-06-09 16:11:00,False
APT-1933,BR001,2026-06-09 14:15:00,KYC Related,Completed,2026-06-09 14:19:00,2026-06-09 14:42:00,False
APT-1934,BR001,2026-06-09 14:15:00,Loans - Payment and Sanctioning,Completed,2026-06-09 14:19:00,2026-06-09 14:43:00,False
APT-1935,BR002,2026-06-09 14:30:00,Locker Issuing,Completed,2026-06-09 14:40:00,2026-06-09 15:11:00,False
APT-1936,BR002,2026-06-09 13:15:00,Loans - Payment and Sanctioning,Completed,2026-06-09 13:16:00,2026-06-09 13:55:00,False
APT-1937,BR002,2026-06-09 14:15:00,Insurance,Completed,2026-06-09 14:22:00,2026-06-09 14:49:00,False
APT-1938,BR002,2026-06-09 11:45:00,KYC Related,Completed,2026-06-09 11:44:00,2026-06-09 12:09:00,False
APT-1939,BR002,2026-06-09 13:30:00,Loans - Payment and Sanctioning,Completed,2026-06-09 13:22:00,2026-06-09 13:38:00,False
APT-1940,BR002,2026-06-09 11:15:00,Loans - Payment and Sanctioning,Completed,2026-06-09 11:20:00,2026-06-09 11:41:00,False
APT-1941,BR002,2026-06-09 10:00:00,KYC Related,Completed,2026-06-09 10:02:00,2026-06-09 10:38:00,False
APT-1942,BR002,2026-06-09 13:30:00,Loans - Payment and Sanctioning,Completed,2026-06-09 13:39:00,2026-06-09 14:16:00,False
APT-1943,BR002,2026-06-09 10:00:00,Account Opening,Completed,2026-06-09 09:52:00,2026-06-09 10:21:00,False
APT-1944,BR002,2026-06-09 15:00:00,Insurance,Completed,2026-06-09 15:03:00,2026-06-09 15:29:00,False
APT-1945,BR002,2026-06-09 15:00:00,KYC Related,Completed,2026-06-09 14:51:00,2026-06-09 15:29:00,False
APT-1946,BR002,2026-06-09 10:30:00,Loans - Payment and Sanctioning,No-Show,,,True
APT-1947,BR002,2026-06-09 14:00:00,Loans - Payment and Sanctioning,Completed,2026-06-09 14:07:00,2026-06-09 14:34:00,False
APT-1948,BR002,2026-06-09 11:15:00,KYC Related,Completed,2026-06-09 11:23:00,2026-06-09 11:58:00,False
APT-1949,BR002,2026-06-09 11:45:00,Credit Card,Completed,2026-06-09 11:55:00,2026-06-09 12:28:00,False
APT-1950,BR002,2026-06-09 12:45:00,Credit Card,Completed,2026-06-09 12:38:00,2026-06-09 12:58:00,False
APT-1951,BR002,2026-06-09 11:45:00,KYC Related,Completed,2026-06-09 11:40:00,2026-06-09 12:12:00,False
APT-1952,BR002,2026-06-09 14:45:00,Insurance,No-Show,,,True
APT-1953,BR002,2026-06-09 14:30:00,Insurance,Completed,2026-06-09 14:40:00,2026-06-09 15:08:00,False
APT-1954,BR003,2026-06-09 12:15:00,KYC Related,Completed,2026-06-09 12:17:00,2026-06-09 12:56:00,False
APT-1955,BR003,2026-06-09 14:30:00,Insurance,Late,2026-06-09 14:59:00,2026-06-09 15:49:00,False
APT-1956,BR003,2026-06-09 13:00:00,Credit Card,Completed,2026-06-09 12:59:00,2026-06-09 13:33:00,False
APT-1957,BR003,2026-06-09 10:15:00,Insurance,Completed,2026-06-09 10:12:00,2026-06-09 10:33:00,False
APT-1958,BR003,2026-06-09 12:00:00,Credit Card,Cancelled,,,False
APT-1959,BR003,2026-06-09 14:15:00,Loans - Payment and Sanctioning,Completed,2026-06-09 14:16:00,2026-06-09 14:35:00,False
APT-1960,BR003,2026-06-09 11:30:00,Insurance,No-Show,,,True
APT-1961,BR003,2026-06-09 11:15:00,Insurance,Cancelled,,,False
APT-1962,BR003,2026-06-09 10:45:00,KYC Related,No-Show,,,True
APT-1963,BR003,2026-06-09 15:00:00,Credit Card,Completed,2026-06-09 15:05:00,2026-06-09 15:25:00,False
APT-1964,BR003,2026-06-09 13:00:00,KYC Related,Completed,2026-06-09 12:51:00,2026-06-09 13:29:00,False
APT-1965,BR003,2026-06-09 14:45:00,Loans - Payment and Sanctioning,Cancelled,,,False
APT-1966,BR003,2026-06-09 12:30:00,Locker Issuing,Completed,2026-06-09 12:23:00,2026-06-09 13:02:00,False
APT-1967,BR003,2026-06-09 11:00:00,Credit Card,Cancelled,,,False
APT-1968,BR003,2026-06-09 13:00:00,Insurance,Completed,2026-06-09 13:00:00,2026-06-09 13:32:00,False
APT-1969,BR003,2026-06-09 14:15:00,Insurance,Completed,2026-06-09 14:12:00,2026-06-09 14:31:00,False
APT-1970,BR003,2026-06-09 10:45:00,Locker Issuing,Cancelled,,,False
APT-1971,BR003,2026-06-09 14:00:00,Account Opening,Completed,2026-06-09 14:02:00,2026-06-09 14:21:00,False
APT-1972,BR003,2026-06-09 11:30:00,Loans - Payment and Sanctioning,Completed,2026-06-09 11:21:00,2026-06-09 11:53:00,False
APT-1973,BR003,2026-06-09 13:30:00,Loans - Payment and Sanctioning,Completed,2026-06-09 13:33:00,2026-06-09 14:12:00,False
APT-1974,BR003,2026-06-09 15:15:00,Account Opening,Completed,2026-06-09 15:11:00,2026-06-09 15:41:00,False
APT-1975,BR003,2026-06-09 13:15:00,KYC Related,Completed,2026-06-09 13:21:00,2026-06-09 13:43:00,False
APT-1976,BR003,2026-06-09 11:00:00,Insurance,Cancelled,,,False
APT-1977,BR003,2026-06-09 12:00:00,Loans - Payment and Sanctioning,Completed,2026-06-09 12:03:00,2026-06-09 12:29:00,False
APT-1978,BR004,2026-06-09 11:30:00,Insurance,Completed,2026-06-09 11:20:00,2026-06-09 11:59:00,False
APT-1979,BR004,2026-06-09 12:15:00,Insurance,Completed,2026-06-09 12:19:00,2026-06-09 12:53:00,False
APT-1980,BR004,2026-06-09 11:45:00,Loans - Payment and Sanctioning,No-Show,,,True
APT-1981,BR004,2026-06-09 11:15:00,Credit Card,Completed,2026-06-09 11:07:00,2026-06-09 11:25:00,False
APT-1982,BR004,2026-06-09 15:00:00,Account Opening,No-Show,,,True
APT-1983,BR004,2026-06-09 11:30:00,Loans - Payment and Sanctioning,Completed,2026-06-09 11:23:00,2026-06-09 11:47:00,False
APT-1984,BR004,2026-06-09 13:45:00,Loans - Payment and Sanctioning,Completed,2026-06-09 13:52:00,2026-06-09 14:13:00,False
APT-1985,BR004,2026-06-09 11:30:00,KYC Related,Completed,2026-06-09 11:24:00,2026-06-09 12:01:00,False
APT-1986,BR004,2026-06-09 15:00:00,Locker Issuing,Completed,2026-06-09 15:06:00,2026-06-09 15:22:00,False
APT-1987,BR004,2026-06-09 12:15:00,Loans - Payment and Sanctioning,Completed,2026-06-09 12:24:00,2026-06-09 12:47:00,False
APT-1988,BR004,2026-06-09 10:45:00,Credit Card,No-Show,,,True
APT-1989,BR004,2026-06-09 10:45:00,Credit Card,Completed,2026-06-09 10:46:00,2026-06-09 11:04:00,False
APT-1990,BR004,2026-06-09 10:30:00,Credit Card,Completed,2026-06-09 10:32:00,2026-06-09 11:03:00,False
APT-1991,BR005,2026-06-09 10:30:00,Locker Issuing,No-Show,,,True
APT-1992,BR005,2026-06-09 14:00:00,Account Opening,Completed,2026-06-09 14:04:00,2026-06-09 14:36:00,False
APT-1993,BR005,2026-06-09 15:00:00,Loans - Payment and Sanctioning,Completed,2026-06-09 15:06:00,2026-06-09 15:30:00,False
APT-1994,BR005,2026-06-09 12:45:00,Locker Issuing,Completed,2026-06-09 12:35:00,2026-06-09 13:01:00,False
APT-1995,BR005,2026-06-09 15:30:00,Insurance,Completed,2026-06-09 15:27:00,2026-06-09 15:58:00,False
APT-1996,BR005,2026-06-09 12:00:00,Credit Card,Completed,2026-06-09 12:02:00,2026-06-09 12:17:00,False
APT-1997,BR005,2026-06-09 14:30:00,Account Opening,Completed,2026-06-09 14:32:00,2026-06-09 15:08:00,False
APT-1998,BR005,2026-06-09 11:00:00,Credit Card,Completed,2026-06-09 11:09:00,2026-06-09 11:44:00,False
APT-1999,BR005,2026-06-09 15:15:00,Locker Issuing,Completed,2026-06-09 15:09:00,2026-06-09 15:37:00,False
APT-2000,BR005,2026-06-09 12:30:00,Locker Issuing,Completed,2026-06-09 12:26:00,2026-06-09 13:01:00,False
