branch_id,service_category,total_visits,average_wait,median_wait,maximum_wait,average_service_time,arrival_count,completion_count,employee_count,utilization,bottleneck_frequency
BR001,Aadhaar Linking,562,3.63,3.64,11.73,9.03,562,562,14,0.07,0.0
BR001,Account Opening,1244,7.22,7.29,25.29,20.03,1244,1244,14,0.33,0.01
BR001,Cheque Withdrawal,1179,2.2,2.0,6.87,4.49,1179,1179,14,0.07,0.003
BR001,Credit Card,823,3.1,2.96,12.7,7.42,823,823,14,0.08,0.005
BR001,Debit Card,886,3.22,3.13,10.47,7.51,886,886,14,0.09,0.001
BR001,Deposit,2363,2.7,2.53,12.07,5.98,2363,2363,14,0.19,0.007
BR001,Insurance,562,8.46,8.66,24.0,22.52,562,562,14,0.17,0.02
BR001,KYC Related,1076,4.58,4.58,13.53,11.55,1076,1076,14,0.16,0.002
BR001,Loans - Payment and Sanctioning,892,12.8,12.86,44.43,34.8,892,892,14,0.41,0.197
BR001,Locker Issuing,429,10.3,10.28,31.22,27.38,429,429,14,0.16,0.058
BR001,Money Transfer,1022,2.48,2.36,9.11,5.0,1022,1022,14,0.07,0.007
BR001,Other,132,4.26,4.46,12.19,10.31,132,132,14,0.02,0.0
BR001,PAN Linking,411,3.57,3.54,11.87,9.02,411,411,14,0.05,0.002
BR001,Withdrawal,2896,1.85,1.48,6.79,3.48,2896,2896,14,0.13,0.003
BR002,Aadhaar Linking,658,2.86,2.67,10.05,9.05,658,658,17,0.06,0.0
BR002,Account Opening,1366,6.19,6.26,17.67,19.89,1366,1366,17,0.3,0.0
BR002,Cheque Withdrawal,1342,1.94,1.65,6.12,4.48,1342,1342,17,0.07,0.002
BR002,Credit Card,987,2.58,2.44,8.55,7.48,987,987,17,0.08,0.002
BR002,Debit Card,994,2.54,2.37,8.38,7.44,994,994,17,0.08,0.0
BR002,Deposit,2663,2.28,2.04,7.95,5.95,2663,2663,17,0.17,0.002
BR002,Insurance,645,7.02,7.06,18.37,22.64,645,645,17,0.16,0.0
BR002,KYC Related,1369,3.81,3.68,11.7,11.56,1369,1369,17,0.17,0.002
BR002,Loans - Payment and Sanctioning,1047,10.39,10.33,34.27,35.08,1047,1047,17,0.4,0.067
BR002,Locker Issuing,511,8.53,8.51,21.82,27.62,511,511,17,0.15,0.004
BR002,Money Transfer,1113,1.99,1.73,6.62,4.98,1113,1113,17,0.06,0.001
BR002,Other,168,3.27,3.26,11.07,10.3,168,168,17,0.02,0.0
BR002,PAN Linking,475,3.01,2.94,9.05,9.09,475,475,17,0.05,0.004
BR002,Withdrawal,3329,1.64,1.18,5.91,3.5,3329,3329,17,0.13,0.001
BR003,Aadhaar Linking,554,4.37,4.42,15.23,9.02,554,554,12,0.08,0.011
BR003,Account Opening,1038,9.38,9.46,29.02,20.05,1038,1038,12,0.32,0.03
BR003,Cheque Withdrawal,1089,2.55,2.37,8.82,4.52,1089,1089,12,0.08,0.007
BR003,Credit Card,813,3.77,3.62,15.16,7.44,813,813,12,0.09,0.01
BR003,Debit Card,808,3.92,3.79,13.17,7.41,808,808,12,0.09,0.009
BR003,Deposit,2141,3.14,2.96,12.87,5.99,2141,2141,12,0.2,0.007
BR003,Insurance,531,10.03,10.13,29.8,22.39,531,531,12,0.18,0.043
BR003,KYC Related,1066,5.46,5.42,18.5,11.62,1066,1066,12,0.19,0.005
BR003,Loans - Payment and Sanctioning,916,15.64,15.51,54.82,35.35,916,916,12,0.5,0.322
BR003,Locker Issuing,381,13.28,13.23,45.64,27.49,381,380,12,0.16,0.165
BR003,Money Transfer,958,2.82,2.69,8.83,5.03,958,958,12,0.07,0.006
BR003,Other,139,4.96,4.77,13.07,10.1,139,139,12,0.02,0.0
BR003,PAN Linking,380,4.1,4.11,13.06,8.98,380,380,12,0.05,0.003
BR003,Withdrawal,2667,2.1,1.88,8.81,3.5,2667,2667,12,0.14,0.007
BR004,Aadhaar Linking,404,5.55,5.41,18.34,9.12,404,404,9,0.08,0.002
BR004,Account Opening,838,12.03,12.29,35.42,20.07,838,838,9,0.35,0.135
BR004,Cheque Withdrawal,807,3.03,2.9,9.18,4.52,807,807,9,0.08,0.002
BR004,Credit Card,603,4.71,4.76,15.37,7.51,603,603,9,0.09,0.005
BR004,Debit Card,624,4.66,4.57,15.82,7.46,624,624,9,0.1,0.003
BR004,Deposit,1623,4.06,3.98,12.77,6.03,1623,1623,9,0.2,0.01
BR004,Insurance,403,12.88,12.68,39.68,22.61,403,403,9,0.19,0.194
BR004,KYC Related,825,7.0,6.82,28.09,11.44,825,825,9,0.19,0.007
BR004,Loans - Payment and Sanctioning,606,19.77,20.31,50.79,34.96,606,598,9,0.44,0.512
BR004,Locker Issuing,341,16.12,16.06,55.08,27.44,341,339,9,0.19,0.326
BR004,Money Transfer,711,3.32,3.31,9.22,5.03,711,711,9,0.07,0.003
BR004,Other,112,5.79,5.84,18.25,9.76,112,112,9,0.02,0.0
BR004,PAN Linking,331,5.64,5.6,16.9,9.01,331,331,9,0.06,0.0
BR004,Withdrawal,2050,2.52,2.35,8.83,3.48,2050,2050,9,0.15,0.009
BR005,Aadhaar Linking,458,4.5,4.36,17.0,9.05,458,458,11,0.07,0.007
BR005,Account Opening,1016,9.79,9.87,31.52,19.8,1016,1016,11,0.34,0.044
BR005,Cheque Withdrawal,990,2.64,2.41,7.94,4.53,990,990,11,0.08,0.001
BR005,Credit Card,737,4.25,4.07,13.94,7.58,737,737,11,0.09,0.007
BR005,Debit Card,723,4.02,4.04,11.91,7.51,723,723,11,0.09,0.006
BR005,Deposit,2066,3.34,3.26,11.42,5.97,2066,2066,11,0.21,0.005
BR005,Insurance,518,11.34,11.16,35.12,22.87,518,518,11,0.2,0.116
BR005,KYC Related,963,6.04,6.0,18.47,11.62,963,963,11,0.19,0.009
BR005,Loans - Payment and Sanctioning,779,16.4,16.1,53.73,35.08,779,775,11,0.46,0.354
BR005,Locker Issuing,353,13.52,14.13,43.12,27.42,353,353,11,0.16,0.201
BR005,Money Transfer,830,2.86,2.72,11.6,5.03,830,830,11,0.07,0.005
BR005,Other,123,5.56,5.01,15.63,10.1,123,123,11,0.02,0.0
BR005,PAN Linking,376,4.95,5.07,12.18,9.19,376,376,11,0.06,0.005
BR005,Withdrawal,2482,2.27,1.98,8.75,3.5,2482,2482,11,0.15,0.008
BR006,Aadhaar Linking,358,7.35,6.86,22.42,9.04,358,358,7,0.09,0.011
BR006,Account Opening,690,14.88,14.36,50.04,19.96,690,689,7,0.36,0.274
BR006,Cheque Withdrawal,652,3.83,3.73,13.54,4.5,652,652,7,0.08,0.011
BR006,Credit Card,478,6.09,5.86,22.11,7.56,478,478,7,0.1,0.013
BR006,Debit Card,505,5.84,5.87,17.63,7.46,505,505,7,0.1,0.006
BR006,Deposit,1304,4.98,4.94,17.55,6.03,1304,1304,7,0.21,0.006
BR006,Insurance,311,15.92,16.54,50.49,21.99,311,310,7,0.18,0.302
BR006,KYC Related,687,9.3,9.21,28.49,11.56,687,687,7,0.21,0.042
BR006,Loans - Payment and Sanctioning,441,26.23,25.83,89.54,34.99,441,422,7,0.41,0.651
BR006,Locker Issuing,260,20.89,21.78,51.07,27.18,260,256,7,0.19,0.569
BR006,Money Transfer,581,4.05,3.89,14.71,4.94,581,581,7,0.08,0.005
BR006,Other,81,7.22,6.67,25.2,9.63,81,81,7,0.02,0.037
BR006,PAN Linking,244,7.05,7.06,20.37,9.05,244,244,7,0.06,0.008
BR006,Withdrawal,1665,3.19,3.08,11.12,3.57,1665,1665,7,0.16,0.009
BR007,Aadhaar Linking,513,3.98,3.91,11.91,8.98,513,513,13,0.07,0.0
BR007,Account Opening,1023,7.75,7.64,25.08,19.94,1023,1023,13,0.29,0.01
BR007,Cheque Withdrawal,1032,2.13,1.83,7.14,4.5,1032,1032,13,0.07,0.001
BR007,Credit Card,818,3.33,3.27,10.14,7.57,818,818,13,0.09,0.0
BR007,Debit Card,726,3.34,3.34,10.44,7.51,726,726,13,0.08,0.001
BR007,Deposit,2040,2.73,2.57,9.84,6.01,2040,2040,13,0.17,0.001
BR007,Insurance,513,8.83,8.95,24.01,22.56,513,513,13,0.16,0.025
BR007,KYC Related,1040,4.87,4.94,14.04,11.49,1040,1040,13,0.17,0.0
BR007,Loans - Payment and Sanctioning,831,13.39,13.8,43.35,35.01,831,831,13,0.41,0.215
BR007,Locker Issuing,364,11.13,11.26,30.98,28.02,364,364,13,0.15,0.077
BR007,Money Transfer,902,2.27,1.99,7.52,5.0,902,902,13,0.06,0.001
BR007,Other,130,4.28,3.69,14.92,9.93,130,130,13,0.02,0.0
BR007,PAN Linking,377,3.76,3.93,11.12,8.93,377,377,13,0.05,0.0
BR007,Withdrawal,2554,1.87,1.46,7.11,3.52,2554,2554,13,0.13,0.001
BR008,Aadhaar Linking,462,6.28,6.18,18.46,9.07,462,462,9,0.09,0.006
BR008,Account Opening,905,13.38,13.74,39.56,19.99,905,905,9,0.37,0.19
BR008,Cheque Withdrawal,898,3.15,3.09,11.44,4.49,898,898,9,0.08,0.011
BR008,Credit Card,677,5.07,4.9,16.88,7.5,677,677,9,0.1,0.019
BR008,Debit Card,678,5.28,5.34,15.17,7.45,678,678,9,0.1,0.01
BR008,Deposit,1776,4.08,4.11,13.27,5.99,1776,1776,9,0.22,0.011
BR008,Insurance,466,13.99,13.5,44.72,22.34,466,466,9,0.21,0.242
BR008,KYC Related,979,7.79,7.7,26.57,11.54,979,979,9,0.23,0.02
BR008,Loans - Payment and Sanctioning,623,21.72,21.03,71.86,35.07,623,608,9,0.45,0.543
BR008,Locker Issuing,337,19.0,19.07,52.48,28.16,337,334,9,0.2,0.472
BR008,Money Transfer,831,3.65,3.55,12.13,5.0,831,831,9,0.09,0.013
BR008,Other,121,6.48,6.37,17.21,9.77,121,121,9,0.02,0.0
BR008,PAN Linking,357,6.44,6.26,19.86,8.99,357,357,9,0.07,0.022
BR008,Withdrawal,2254,2.76,2.64,9.88,3.52,2254,2254,9,0.16,0.011
